./fr_unknown/6119-t.jpg,6119,0.15578316675586892
./fr_unknown/6041-t.jpg,6014,0.5926044883644213
./fr_unknown/6041-t.jpg,6053,0.5217037454523094
./fr_unknown/6041-t.jpg,6041,0.16919339282899415
./fr_unknown/6041-t.jpg,44,0.5473930952391969
./fr_unknown/6041-t.jpg,6155,0.525821774111569
./fr_unknown/6004-t.jpg,6004,0.2464615775002998
./fr_unknown/7004-t.jpg,6207,0.5837476876504044
./fr_unknown/7004-t.jpg,76,0.5400965465948976
./fr_unknown/7004-t.jpg,6205,0.5628183461160131
./fr_unknown/7004-t.jpg,6211,0.5040978418482025
./fr_unknown/7004-t.jpg,6210,0.3916977854712322
./fr_unknown/7004-t.jpg,8003,0.5023375710520239
./fr_unknown/7004-t.jpg,75,0.5478692989728743
./fr_unknown/7004-t.jpg,71,0.4961965869738921
./fr_unknown/7004-t.jpg,70,0.5121826186013666
./fr_unknown/7004-t.jpg,72,0.5376233925203799
./fr_unknown/7004-t.jpg,5003,0.5296194378827127
./fr_unknown/7004-t.jpg,7004,0.2745396707719798
./fr_unknown/7004-t.jpg,9001,0.5346452728971035
./fr_unknown/7004-t.jpg,9005,0.5485742498900043
./fr_unknown/7004-t.jpg,7003,0.5643010752846431
./fr_unknown/7004-t.jpg,9007,0.5036112232347882
./fr_unknown/7004-t.jpg,6209,0.5882972544487298
./fr_unknown/56-t.jpg,56,0.24716085409792973
./fr_unknown/13-t.jpg,13,0.26343600136420864
./fr_unknown/6081-t.jpg,6065,0.5779164843824883
./fr_unknown/6081-t.jpg,6074,0.5959565523667502
./fr_unknown/6081-t.jpg,6092,0.5827670956475951
./fr_unknown/6081-t.jpg,6081,0.20554090639323855
./fr_unknown/6039-t.jpg,6039,0.28641335693930253
./fr_unknown/6039-t.jpg,6114,0.5756848633123768
./fr_unknown/6124-t.jpg,6029,0.5906745411883029
./fr_unknown/6124-t.jpg,6107,0.5814373028333059
./fr_unknown/6124-t.jpg,6106,0.5866144757544213
./fr_unknown/6124-t.jpg,6124,0.191771156035986
./fr_unknown/6161-t.jpg,6012,0.49352907048947336
./fr_unknown/6161-t.jpg,6177,0.5729694210558752
./fr_unknown/6161-t.jpg,6161,0.2120407662262405
./fr_unknown/6161-t.jpg,6059,0.5814113424314818
./fr_unknown/6161-t.jpg,6125,0.5880289735903145
./fr_unknown/6161-t.jpg,6079,0.5882778949105708
./fr_unknown/6161-t.jpg,6092,0.5759996785738635
./fr_unknown/6161-t.jpg,6123,0.5712378381062031
./fr_unknown/6161-t.jpg,6151,0.5827975186753188
./fr_unknown/6161-t.jpg,6168,0.5502425296727629
./fr_unknown/6161-t.jpg,6140,0.5819628705418409
./fr_unknown/6001-t.jpg,6001,0.35833575615034263
./fr_unknown/6044-t.jpg,6044,0.17023561159030057
./fr_unknown/7001-t.jpg,7001,0.3161142381346861
./fr_unknown/16-t.jpg,16,0.34458446919588454
./fr_unknown/16-t.jpg,6,0.587795895687629
./fr_unknown/53-t.jpg,48,0.5959962186419944
./fr_unknown/53-t.jpg,6060,0.5799161372594424
./fr_unknown/53-t.jpg,7005,0.579744803801252
./fr_unknown/53-t.jpg,27,0.5924196766121479
./fr_unknown/53-t.jpg,6068,0.5835238756533417
./fr_unknown/53-t.jpg,44,0.5913153013174157
./fr_unknown/53-t.jpg,53,0.469159833158604
./fr_unknown/14-t.jpg,14,0.38901854298807614
./fr_unknown/51-t.jpg,6042,0.5887320693702508
./fr_unknown/51-t.jpg,51,0.2573127465000079
./fr_unknown/6003-t.jpg,6003,0.2343608130284688
./fr_unknown/6003-t.jpg,6072,0.26299717919184523
./fr_unknown/6003-t.jpg,52,0.5969935947221678
./fr_unknown/6046-t.jpg,65,0.5777765604379762
./fr_unknown/6046-t.jpg,6046,0.1806519138286618
./fr_unknown/6046-t.jpg,6068,0.5989077832403018
./fr_unknown/7003-t.jpg,6211,0.5690496058087803
./fr_unknown/7003-t.jpg,6210,0.560397822184255
./fr_unknown/7003-t.jpg,71,0.502984157188822
./fr_unknown/7003-t.jpg,72,0.5915802267741014
./fr_unknown/7003-t.jpg,7004,0.5595304726099213
./fr_unknown/7003-t.jpg,7003,0.3191511295160151
./fr_unknown/7003-t.jpg,9007,0.556399606670495
./fr_unknown/7003-t.jpg,7002,0.5259159997407724
./fr_unknown/6057-t.jpg,6074,0.575283165732641
./fr_unknown/6057-t.jpg,6057,0.19250793298094945
./fr_unknown/6057-t.jpg,6081,0.5475351640457752
./fr_unknown/6057-t.jpg,6019,0.565901477310271
./fr_unknown/6057-t.jpg,6021,0.5833398083888821
./fr_unknown/6012-t.jpg,6012,0.2552958975437875
./fr_unknown/6012-t.jpg,6161,0.557271297327395
./fr_unknown/6012-t.jpg,6079,0.5706334524399596
./fr_unknown/6012-t.jpg,6092,0.5579118718547099
./fr_unknown/6012-t.jpg,6118,0.5804433435623824
./fr_unknown/6012-t.jpg,6168,0.5637469508621272
./fr_unknown/6194-t.jpg,6007,0.5496719062669755
./fr_unknown/6194-t.jpg,6045,0.594595507993643
./fr_unknown/6194-t.jpg,6093,0.5936007734600962
./fr_unknown/6194-t.jpg,6186,0.5359222063412101
./fr_unknown/6194-t.jpg,6194,0.282755578349932
./fr_unknown/6169-t.jpg,6199,0.5935263379433598
./fr_unknown/6169-t.jpg,6169,0.3511953253731374
./fr_unknown/26-t.jpg,26,0.30849288976681594
./fr_unknown/63-t.jpg,63,0.2305993790207735
./fr_unknown/63-t.jpg,6011,0.591235775834013
./fr_unknown/63-t.jpg,59,0.5785071194889551
./fr_unknown/63-t.jpg,58,0.521549973192196
./fr_unknown/63-t.jpg,66,0.5372978000679312
./fr_unknown/63-t.jpg,6091,0.5868069688494202
./fr_unknown/63-t.jpg,36,0.5489609297982054
./fr_unknown/63-t.jpg,37,0.5742060709904464
./fr_unknown/63-t.jpg,6120,0.4580706900491441
./fr_unknown/63-t.jpg,18,0.5859957371542587
./fr_unknown/63-t.jpg,69,0.588488006612446
./fr_unknown/63-t.jpg,40,0.5265338281410817
./fr_unknown/63-t.jpg,46,0.5090335930087464
./fr_unknown/6031-t.jpg,6031,0.13736084517970268
./fr_unknown/6074-t.jpg,6003,0.5908956041317108
./fr_unknown/6074-t.jpg,6072,0.5757643387697821
./fr_unknown/6074-t.jpg,6065,0.5734087838877919
./fr_unknown/6074-t.jpg,6074,0.156539627258781
./fr_unknown/6074-t.jpg,6057,0.5832220540535396
./fr_unknown/6074-t.jpg,6081,0.5767196850293999
./fr_unknown/6089-t.jpg,6164,0.5826936188911567
./fr_unknown/6089-t.jpg,6015,0.5812788269294908
./fr_unknown/6089-t.jpg,6089,0.27742038594070695
./fr_unknown/6089-t.jpg,6068,0.5235744685035327
./fr_unknown/6089-t.jpg,6186,0.5763655140730299
./fr_unknown/5003-t.jpg,6206,0.5339796498523217
./fr_unknown/5003-t.jpg,76,0.5533736815687335
./fr_unknown/5003-t.jpg,74,0.5358473610052615
./fr_unknown/5003-t.jpg,6205,0.5509131118159886
./fr_unknown/5003-t.jpg,6211,0.5198152322379533
./fr_unknown/5003-t.jpg,6210,0.550273158986543
./fr_unknown/5003-t.jpg,8003,0.4420954358637431
./fr_unknown/5003-t.jpg,75,0.499609765798721
./fr_unknown/5003-t.jpg,71,0.5074588140618908
./fr_unknown/5003-t.jpg,70,0.4849387493011532
./fr_unknown/5003-t.jpg,72,0.4896640774295452
./fr_unknown/5003-t.jpg,6203,0.5555007785505237
./fr_unknown/5003-t.jpg,6202,0.5973319555396228
./fr_unknown/5003-t.jpg,73,0.5693420068412938
./fr_unknown/5003-t.jpg,5003,0.3277088342170689
./fr_unknown/5003-t.jpg,7004,0.5158953629071763
./fr_unknown/5003-t.jpg,9001,0.4694281906285586
./fr_unknown/5003-t.jpg,9005,0.5456768639736511
./fr_unknown/5003-t.jpg,9004,0.5689516359820056
./fr_unknown/5003-t.jpg,7003,0.5493860976497995
./fr_unknown/5003-t.jpg,9007,0.5590227775797256
./fr_unknown/5003-t.jpg,6209,0.48894005760513354
./fr_unknown/6115-t.jpg,60,0.5739263225224328
./fr_unknown/6115-t.jpg,6115,0.24110219866284846
./fr_unknown/6115-t.jpg,6078,0.596604119887849
./fr_unknown/6115-t.jpg,6186,0.5861170839465384
./fr_unknown/7008-t.jpg,6206,0.5249429955306086
./fr_unknown/7008-t.jpg,76,0.5351035393753977
./fr_unknown/7008-t.jpg,74,0.5587682204582879
./fr_unknown/7008-t.jpg,6205,0.5988436572669547
./fr_unknown/7008-t.jpg,6211,0.510784456561893
./fr_unknown/7008-t.jpg,6210,0.5638559256318442
./fr_unknown/7008-t.jpg,8003,0.5174254237120353
./fr_unknown/7008-t.jpg,75,0.5341424364751112
./fr_unknown/7008-t.jpg,71,0.5694489201726698
./fr_unknown/7008-t.jpg,72,0.5729916524815593
./fr_unknown/7008-t.jpg,6203,0.5738356930648065
./fr_unknown/7008-t.jpg,73,0.5936987713777919
./fr_unknown/7008-t.jpg,7008,0.36579237485679617
./fr_unknown/7008-t.jpg,7007,0.5553535028917269
./fr_unknown/7008-t.jpg,7004,0.5787970199224621
./fr_unknown/7008-t.jpg,9001,0.5585564255346556
./fr_unknown/7008-t.jpg,9005,0.5480698945001755
./fr_unknown/7008-t.jpg,7003,0.5996995049306455
./fr_unknown/7008-t.jpg,9007,0.5068409218944696
./fr_unknown/7008-t.jpg,6209,0.5430376329809129
./fr_unknown/6008-t.jpg,6072,0.5561221275309883
./fr_unknown/6008-t.jpg,6082,0.587988348398455
./fr_unknown/6008-t.jpg,6018,0.5902549801056697
./fr_unknown/6008-t.jpg,6008,0.2287595329543943
./fr_unknown/6058-t.jpg,6058,0.27146375354410995
./fr_unknown/6201-t.jpg,6171,0.5991102024941904
./fr_unknown/6201-t.jpg,6198,0.5293785446015414
./fr_unknown/6201-t.jpg,6162,0.5972111287560669
./fr_unknown/6201-t.jpg,6201,0.20191648947738994
./fr_unknown/6201-t.jpg,6098,0.5399306446813998
./fr_unknown/6201-t.jpg,6138,0.5506304624058158
./fr_unknown/6201-t.jpg,6080,0.5578079875928912
./fr_unknown/6201-t.jpg,6122,0.5919651351968014
./fr_unknown/6100-t.jpg,6174,0.5349586416496628
./fr_unknown/6100-t.jpg,6100,0.20770029225980005
./fr_unknown/6100-t.jpg,6102,0.5861917053081701
./fr_unknown/6100-t.jpg,6097,0.5567271906197127
./fr_unknown/6145-t.jpg,6199,0.5786719918986715
./fr_unknown/6145-t.jpg,6103,0.5205422449224418
./fr_unknown/6145-t.jpg,6092,0.585430388935871
./fr_unknown/6145-t.jpg,6130,0.5882589954270655
./fr_unknown/6145-t.jpg,6122,0.5796836205208421
./fr_unknown/6145-t.jpg,6145,0.23281863209719214
./fr_unknown/6145-t.jpg,6190,0.597454006370245
./fr_unknown/6145-t.jpg,6147,0.5992141719538191
./fr_unknown/6178-t.jpg,6178,0.2643112480393324
./fr_unknown/6185-t.jpg,6012,0.588980850120962
./fr_unknown/6185-t.jpg,6107,0.5778949358975513
./fr_unknown/6185-t.jpg,6125,0.5810624289985327
./fr_unknown/6185-t.jpg,6079,0.5771615864304136
./fr_unknown/6185-t.jpg,6185,0.21389215747597737
./fr_unknown/6185-t.jpg,6026,0.5909925358898086
./fr_unknown/6098-t.jpg,6198,0.5906618464962572
./fr_unknown/6098-t.jpg,6176,0.5656495564565379
./fr_unknown/6098-t.jpg,6107,0.5956404888916913
./fr_unknown/6098-t.jpg,6098,0.2160096467061509
./fr_unknown/6098-t.jpg,6169,0.5968628162500749
./fr_unknown/72-t.jpg,6207,0.571634365217848
./fr_unknown/72-t.jpg,74,0.5491340690769368
./fr_unknown/72-t.jpg,6205,0.5765301443175079
./fr_unknown/72-t.jpg,6211,0.5529716769932096
./fr_unknown/72-t.jpg,6210,0.5371195794008861
./fr_unknown/72-t.jpg,8003,0.48480162253188536
./fr_unknown/72-t.jpg,75,0.43669582355981734
./fr_unknown/72-t.jpg,71,0.4908787814732339
./fr_unknown/72-t.jpg,70,0.45380228229255287
./fr_unknown/72-t.jpg,72,0.2339378036509833
./fr_unknown/72-t.jpg,6203,0.566263950053854
./fr_unknown/72-t.jpg,6202,0.5945227017860689
./fr_unknown/72-t.jpg,5003,0.5417414922190787
./fr_unknown/72-t.jpg,7007,0.5043973205415107
./fr_unknown/72-t.jpg,7004,0.598287931243372
./fr_unknown/72-t.jpg,9001,0.5229588465096334
./fr_unknown/72-t.jpg,9005,0.5436198589619063
./fr_unknown/72-t.jpg,5004,0.597987379529061
./fr_unknown/72-t.jpg,9004,0.5131051451426063
./fr_unknown/72-t.jpg,7003,0.5776003700754219
./fr_unknown/72-t.jpg,9007,0.586268370692342
./fr_unknown/72-t.jpg,6209,0.5769522818393256
./fr_unknown/37-t.jpg,63,0.5145790029047341
./fr_unknown/37-t.jpg,6011,0.48302366059766305
./fr_unknown/37-t.jpg,59,0.5728708479786888
./fr_unknown/37-t.jpg,58,0.5049820592984813
./fr_unknown/37-t.jpg,66,0.5101313317556493
./fr_unknown/37-t.jpg,35,0.5659418419400747
./fr_unknown/37-t.jpg,36,0.5730663907469175
./fr_unknown/37-t.jpg,37,0.3817224658064005
./fr_unknown/37-t.jpg,6120,0.5831103328605065
./fr_unknown/37-t.jpg,18,0.5563470047760665
./fr_unknown/37-t.jpg,69,0.5769791601396046
./fr_unknown/37-t.jpg,6027,0.5790045449482745
./fr_unknown/37-t.jpg,40,0.5932049229890787
./fr_unknown/37-t.jpg,46,0.5073885110822132
./fr_unknown/6065-t.jpg,6065,0.2325357216290847
./fr_unknown/6065-t.jpg,6047,0.5793652600095248
./fr_unknown/6065-t.jpg,6083,0.5835530843408058
./fr_unknown/6065-t.jpg,6081,0.5785343126567412
./fr_unknown/6127-t.jpg,6201,0.584535708597038
./fr_unknown/6127-t.jpg,6098,0.5667761576875878
./fr_unknown/6127-t.jpg,6126,0.5850974363639557
./fr_unknown/6127-t.jpg,6127,0.29542059749056787
./fr_unknown/6127-t.jpg,6079,0.5885601034978591
./fr_unknown/6127-t.jpg,6150,0.57594224042622
./fr_unknown/6127-t.jpg,6197,0.5988750029687642
./fr_unknown/68-t.jpg,68,0.43521520752303583
./fr_unknown/6082-t.jpg,6082,0.18866983355349937
./fr_unknown/6160-t.jpg,6160,0.27777834438666116
./fr_unknown/6160-t.jpg,6124,0.5997351572811719
./fr_unknown/6125-t.jpg,6059,0.5737044721129773
./fr_unknown/6125-t.jpg,6125,0.20839733265907326
./fr_unknown/6125-t.jpg,6079,0.5911466941400753
./fr_unknown/6125-t.jpg,6092,0.5969216212733196
./fr_unknown/6125-t.jpg,6134,0.5922483405618493
./fr_unknown/6125-t.jpg,6185,0.5858218588679935
./fr_unknown/6125-t.jpg,6026,0.5868196854166116
./fr_unknown/6080-t.jpg,6171,0.5707533614124148
./fr_unknown/6080-t.jpg,6198,0.5753336987414068
./fr_unknown/6080-t.jpg,6201,0.5940883546060663
./fr_unknown/6080-t.jpg,6107,0.5484537618820406
./fr_unknown/6080-t.jpg,6080,0.24396292226144145
./fr_unknown/6080-t.jpg,6122,0.5628057509206101
./fr_unknown/6080-t.jpg,6151,0.5872034404872363
./fr_unknown/6038-t.jpg,6038,0.2326406393403022
./fr_unknown/6038-t.jpg,24,0.5244979273644813
./fr_unknown/6038-t.jpg,6196,0.5774811626542075
./fr_unknown/6005-t.jpg,6005,0.1860469839464061
./fr_unknown/6005-t.jpg,6204,0.5559461266257518
./fr_unknown/6005-t.jpg,6192,0.5955789378484118
./fr_unknown/6040-t.jpg,6173,0.5732771397470683
./fr_unknown/6040-t.jpg,49,0.534061447857364
./fr_unknown/6040-t.jpg,6163,0.5493550452384969
./fr_unknown/6040-t.jpg,6160,0.594160476091637
./fr_unknown/6040-t.jpg,6099,0.5243122709711838
./fr_unknown/6040-t.jpg,6120,0.5276304674503148
./fr_unknown/6040-t.jpg,6040,0.15304798770209463
./fr_unknown/6040-t.jpg,18,0.518740982387569
./fr_unknown/6040-t.jpg,19,0.5625283572542055
./fr_unknown/6040-t.jpg,6179,0.543475275386991
./fr_unknown/6040-t.jpg,6027,0.4923755131498573
./fr_unknown/6040-t.jpg,6180,0.515771707357888
./fr_unknown/6040-t.jpg,6156,0.590291248278606
./fr_unknown/7005-t.jpg,6166,0.592311677988198
./fr_unknown/7005-t.jpg,6028,0.5751754401996786
./fr_unknown/7005-t.jpg,6060,0.5762281206183228
./fr_unknown/7005-t.jpg,7005,0.4557078853502021
./fr_unknown/6032-t.jpg,6032,0.15435231049763992
./fr_unknown/60-t.jpg,60,0.4591358669580687
./fr_unknown/60-t.jpg,17,0.5657832121199836
./fr_unknown/60-t.jpg,6117,0.5753060261843093
./fr_unknown/60-t.jpg,6050,0.5727696301043634
./fr_unknown/25-t.jpg,25,0.2240813902837267
./fr_unknown/6197-t.jpg,6029,0.5957618683649674
./fr_unknown/6197-t.jpg,6132,0.586248530289158
./fr_unknown/6197-t.jpg,6197,0.2108923927867223
./fr_unknown/6-t.jpg,6176,0.587744094303437
./fr_unknown/6-t.jpg,16,0.5485959132858529
./fr_unknown/6-t.jpg,6,0.1917065001806059
./fr_unknown/6112-t.jpg,6164,0.5902813167006271
./fr_unknown/6112-t.jpg,6172,0.5883667698940491
./fr_unknown/6112-t.jpg,6149,0.5970589636780188
./fr_unknown/6112-t.jpg,6073,0.5707413816147363
./fr_unknown/6112-t.jpg,6112,0.25635911611780865
./fr_unknown/6112-t.jpg,6065,0.5654291908669219
./fr_unknown/6112-t.jpg,6043,0.5909162152885906
./fr_unknown/6112-t.jpg,6154,0.5878173220450096
./fr_unknown/6157-t.jpg,6201,0.5807497420093262
./fr_unknown/6157-t.jpg,6098,0.5546887466163424
./fr_unknown/6157-t.jpg,6157,0.2855067372300031
./fr_unknown/6157-t.jpg,6169,0.5718376676180361
./fr_unknown/9007-t.jpg,74,0.5397139647375235
./fr_unknown/9007-t.jpg,6211,0.5731595583327426
./fr_unknown/9007-t.jpg,6210,0.5664370103511018
./fr_unknown/9007-t.jpg,8003,0.558355622062812
./fr_unknown/9007-t.jpg,75,0.5832856866793509
./fr_unknown/9007-t.jpg,71,0.5649023053440223
./fr_unknown/9007-t.jpg,70,0.5753575634522012
./fr_unknown/9007-t.jpg,72,0.5653088696464389
./fr_unknown/9007-t.jpg,6202,0.5869435607787524
./fr_unknown/9007-t.jpg,5003,0.5405988093931302
./fr_unknown/9007-t.jpg,5001,0.5820691463138856
./fr_unknown/9007-t.jpg,7004,0.536244909613507
./fr_unknown/9007-t.jpg,9001,0.5004582744689574
./fr_unknown/9007-t.jpg,9005,0.5097051461093765
./fr_unknown/9007-t.jpg,7003,0.566035966916328
./fr_unknown/9007-t.jpg,9007,0.2502432576570697
./fr_unknown/9007-t.jpg,6209,0.5680034816279843
./fr_unknown/18-t.jpg,63,0.5731983200375985
./fr_unknown/18-t.jpg,6010,0.5977753340450791
./fr_unknown/18-t.jpg,6173,0.5834826484222649
./fr_unknown/18-t.jpg,49,0.5666253362032632
./fr_unknown/18-t.jpg,6163,0.5211006113945849
./fr_unknown/18-t.jpg,58,0.5863726512544853
./fr_unknown/18-t.jpg,66,0.5299630547236557
./fr_unknown/18-t.jpg,35,0.5362411771675668
./fr_unknown/18-t.jpg,6120,0.5518027236799732
./fr_unknown/18-t.jpg,6040,0.5112714289225343
./fr_unknown/18-t.jpg,18,0.109632133052618
./fr_unknown/18-t.jpg,6027,0.49021529767162053
./fr_unknown/18-t.jpg,40,0.5965682275005559
./fr_unknown/18-t.jpg,6180,0.5281460980898347
./fr_unknown/18-t.jpg,46,0.5764464549934611
./fr_unknown/9005-t.jpg,6206,0.5922260823247841
./fr_unknown/9005-t.jpg,6207,0.5745729951602767
./fr_unknown/9005-t.jpg,76,0.5767747453050902
./fr_unknown/9005-t.jpg,6205,0.5817550025598108
./fr_unknown/9005-t.jpg,6211,0.5113412506057752
./fr_unknown/9005-t.jpg,6210,0.5292592785512981
./fr_unknown/9005-t.jpg,8003,0.5542826555119087
./fr_unknown/9005-t.jpg,75,0.48097575222216693
./fr_unknown/9005-t.jpg,71,0.4145881108873598
./fr_unknown/9005-t.jpg,70,0.5371244212669172
./fr_unknown/9005-t.jpg,72,0.5339447970175176
./fr_unknown/9005-t.jpg,6203,0.516761220515687
./fr_unknown/9005-t.jpg,5003,0.5391240645854058
./fr_unknown/9005-t.jpg,7004,0.5161125813197374
./fr_unknown/9005-t.jpg,9001,0.4703301513658377
./fr_unknown/9005-t.jpg,9005,0.2815874768283166
./fr_unknown/9005-t.jpg,7003,0.5663894541449046
./fr_unknown/9005-t.jpg,9007,0.486228860170098
./fr_unknown/9005-t.jpg,6209,0.48938134626896124
./fr_unknown/6135-t.jpg,6135,0.19787149306762009
./fr_unknown/6135-t.jpg,6151,0.5986601277923902
./fr_unknown/6135-t.jpg,6143,0.5848457724108416
./fr_unknown/6108-t.jpg,6058,0.5952215998862185
./fr_unknown/6108-t.jpg,6116,0.5690942687236435
./fr_unknown/6108-t.jpg,6078,0.5923886308305091
./fr_unknown/6108-t.jpg,6108,0.23238656468140512
./fr_unknown/6108-t.jpg,6183,0.5862534176016051
./fr_unknown/6108-t.jpg,6021,0.594221342115677
./fr_unknown/6209-t.jpg,6206,0.5082566744845274
./fr_unknown/6209-t.jpg,6207,0.570069547084118
./fr_unknown/6209-t.jpg,76,0.5871131042319336
./fr_unknown/6209-t.jpg,74,0.4552538020625801
./fr_unknown/6209-t.jpg,6205,0.4598143268871937
./fr_unknown/6209-t.jpg,6211,0.4673964299702148
./fr_unknown/6209-t.jpg,6210,0.4934905222204074
./fr_unknown/6209-t.jpg,8003,0.4292088457841177
./fr_unknown/6209-t.jpg,75,0.49125116636471194
./fr_unknown/6209-t.jpg,71,0.5220205049200333
./fr_unknown/6209-t.jpg,70,0.46030714038795123
./fr_unknown/6209-t.jpg,72,0.48112038708728244
./fr_unknown/6209-t.jpg,6203,0.4758163216029033
./fr_unknown/6209-t.jpg,5003,0.4699032522191463
./fr_unknown/6209-t.jpg,7007,0.5644885448862602
./fr_unknown/6209-t.jpg,7004,0.5470046638496207
./fr_unknown/6209-t.jpg,9001,0.40125148563997104
./fr_unknown/6209-t.jpg,9005,0.47716448167052145
./fr_unknown/6209-t.jpg,9004,0.5415991355753554
./fr_unknown/6209-t.jpg,7003,0.5864640342727079
./fr_unknown/6209-t.jpg,9007,0.49794155861362543
./fr_unknown/6209-t.jpg,6209,0.3089439547544474
./fr_unknown/6015-t.jpg,6166,0.5913251812817257
./fr_unknown/6015-t.jpg,6015,0.2283994302972924
./fr_unknown/6015-t.jpg,6028,0.4866524598322429
./fr_unknown/6015-t.jpg,6148,0.5580023675204605
./fr_unknown/6015-t.jpg,6065,0.5780908245655249
./fr_unknown/6015-t.jpg,6150,0.5946993342400698
./fr_unknown/6050-t.jpg,60,0.5320332120112793
./fr_unknown/6050-t.jpg,6050,0.21273323424182847
./fr_unknown/47-t.jpg,47,0.3196500346997026
./fr_unknown/45-t.jpg,61,0.5728370976727781
./fr_unknown/45-t.jpg,45,0.3426316248987265
./fr_unknown/6017-t.jpg,6017,0.1738323596472789
./fr_unknown/6017-t.jpg,6084,0.5385724269889254
./fr_unknown/6017-t.jpg,6068,0.5890673890678192
./fr_unknown/6052-t.jpg,6052,0.2275344967821205
./fr_unknown/6052-t.jpg,6125,0.5801729137487837
./fr_unknown/6092-t.jpg,6012,0.5867659642232703
./fr_unknown/6092-t.jpg,6161,0.5742034583299068
./fr_unknown/6092-t.jpg,6073,0.5843227963428164
./fr_unknown/6092-t.jpg,6092,0.23230319459544793
./fr_unknown/6092-t.jpg,6081,0.5386301193797065
./fr_unknown/9-t.jpg,9,0.15360820845266582
./fr_unknown/9-t.jpg,6042,0.5896074976594311
./fr_unknown/6198-t.jpg,6198,0.16306462772815533
./fr_unknown/6198-t.jpg,6162,0.5237458535612437
./fr_unknown/6198-t.jpg,6201,0.5682754361963046
./fr_unknown/6198-t.jpg,6138,0.5951657541868979
./fr_unknown/6198-t.jpg,6103,0.5946585621871894
./fr_unknown/6198-t.jpg,6086,0.5807573374936259
./fr_unknown/6198-t.jpg,6122,0.5925781833986188
./fr_unknown/6120-t.jpg,63,0.4538348348574279
./fr_unknown/6120-t.jpg,6011,0.5755784739395898
./fr_unknown/6120-t.jpg,6173,0.518422242486045
./fr_unknown/6120-t.jpg,49,0.4782638688823058
./fr_unknown/6120-t.jpg,59,0.5903722441435849
./fr_unknown/6120-t.jpg,6163,0.5150795760136815
./fr_unknown/6120-t.jpg,58,0.5618543449104357
./fr_unknown/6120-t.jpg,66,0.5007621138465018
./fr_unknown/6120-t.jpg,35,0.5760686552048765
./fr_unknown/6120-t.jpg,6091,0.5713431840377065
./fr_unknown/6120-t.jpg,36,0.5946107988716207
./fr_unknown/6120-t.jpg,6120,0.17403646218811236
./fr_unknown/6120-t.jpg,6040,0.5361534588415042
./fr_unknown/6120-t.jpg,18,0.5601990261332177
./fr_unknown/6120-t.jpg,19,0.599688685083861
./fr_unknown/6120-t.jpg,6179,0.5691679932344123
./fr_unknown/6120-t.jpg,6027,0.5040395024025984
./fr_unknown/6120-t.jpg,40,0.5305362121129077
./fr_unknown/6120-t.jpg,6180,0.45998684077476104
./fr_unknown/6120-t.jpg,46,0.5331728936851036
./fr_unknown/6165-t.jpg,6165,0.33560868659559584
./fr_unknown/6165-t.jpg,6201,0.588783368538681
./fr_unknown/6078-t.jpg,6058,0.5799793100925721
./fr_unknown/6078-t.jpg,6093,0.5687137026856696
./fr_unknown/6078-t.jpg,6078,0.24755949571114502
./fr_unknown/6078-t.jpg,6108,0.5874286702613886
./fr_unknown/6078-t.jpg,6083,0.5958796762385187
./fr_unknown/6078-t.jpg,6183,0.5936153266885859
./fr_unknown/6085-t.jpg,6129,0.5568127622834522
./fr_unknown/6085-t.jpg,6085,0.29879035648613184
./fr_unknown/6085-t.jpg,6079,0.5174922164946653
./fr_unknown/6085-t.jpg,6123,0.58981037815101
./fr_unknown/6085-t.jpg,6140,0.5959475949696442
./fr_unknown/6146-t.jpg,6161,0.5674527392310518
./fr_unknown/6146-t.jpg,6061,0.5602549280581534
./fr_unknown/6146-t.jpg,6079,0.5384514353954277
./fr_unknown/6146-t.jpg,6118,0.5870038076436558
./fr_unknown/6146-t.jpg,6123,0.5708780156857894
./fr_unknown/6146-t.jpg,6151,0.554866345161578
./fr_unknown/6146-t.jpg,6146,0.17164286352210675
./fr_unknown/6146-t.jpg,6168,0.5439340676329179
./fr_unknown/6103-t.jpg,6176,0.5774010039430447
./fr_unknown/6103-t.jpg,6103,0.24923809650367856
./fr_unknown/6103-t.jpg,6122,0.5918510126851689
./fr_unknown/6103-t.jpg,6145,0.555949385354323
./fr_unknown/6202-t.jpg,6206,0.5660072477884615
./fr_unknown/6202-t.jpg,74,0.5901561898992985
./fr_unknown/6202-t.jpg,6211,0.5109301878292635
./fr_unknown/6202-t.jpg,8003,0.5388613830623867
./fr_unknown/6202-t.jpg,71,0.563527136770985
./fr_unknown/6202-t.jpg,70,0.599336741498181
./fr_unknown/6202-t.jpg,72,0.5603892402536077
./fr_unknown/6202-t.jpg,6202,0.3843877926110008
./fr_unknown/6202-t.jpg,7008,0.5328839910350122
./fr_unknown/6202-t.jpg,5003,0.5929328444545967
./fr_unknown/6202-t.jpg,7007,0.5937244092618379
./fr_unknown/6202-t.jpg,9001,0.5858505121266667
./fr_unknown/6202-t.jpg,9004,0.5840921082134982
./fr_unknown/6202-t.jpg,7003,0.5012446426073293
./fr_unknown/6023-t.jpg,6023,0.24276523007810463
./fr_unknown/6200-t.jpg,6200,0.16631073128686155
./fr_unknown/6200-t.jpg,6139,0.593889455417284
./fr_unknown/6200-t.jpg,6140,0.5721422708029628
./fr_unknown/6144-t.jpg,6144,0.22465778977589806
./fr_unknown/6101-t.jpg,6101,0.18559387068992977
./fr_unknown/6101-t.jpg,6102,0.5434054296849286
./fr_unknown/6101-t.jpg,6097,0.5980629818328378
./fr_unknown/6059-t.jpg,6012,0.569383256821138
./fr_unknown/6059-t.jpg,6162,0.5683473367713034
./fr_unknown/6059-t.jpg,6174,0.5917224359695172
./fr_unknown/6059-t.jpg,6107,0.559007674290167
./fr_unknown/6059-t.jpg,6059,0.20643563822727648
./fr_unknown/6059-t.jpg,6129,0.5616046450024089
./fr_unknown/6059-t.jpg,6125,0.5788698502854662
./fr_unknown/6059-t.jpg,6134,0.5987120987289105
./fr_unknown/6059-t.jpg,6151,0.5608963964356424
./fr_unknown/6059-t.jpg,6026,0.5745083013136036
./fr_unknown/6180-t.jpg,6011,0.5708916286124173
./fr_unknown/6180-t.jpg,6173,0.5725340483722108
./fr_unknown/6180-t.jpg,49,0.5763184493762215
./fr_unknown/6180-t.jpg,59,0.570352762283003
./fr_unknown/6180-t.jpg,6163,0.4787485970843792
./fr_unknown/6180-t.jpg,58,0.5830015515837589
./fr_unknown/6180-t.jpg,66,0.530184348498034
./fr_unknown/6180-t.jpg,6099,0.5107878998070653
./fr_unknown/6180-t.jpg,35,0.5852105314667061
./fr_unknown/6180-t.jpg,6120,0.4724988242900163
./fr_unknown/6180-t.jpg,6040,0.4881060903637498
./fr_unknown/6180-t.jpg,18,0.5003882148162139
./fr_unknown/6180-t.jpg,6123,0.5802636975314743
./fr_unknown/6180-t.jpg,19,0.5330378820920345
./fr_unknown/6180-t.jpg,6179,0.5694584156393234
./fr_unknown/6180-t.jpg,6027,0.4193920560070193
./fr_unknown/6180-t.jpg,6180,0.14396417130228276
./fr_unknown/6180-t.jpg,6156,0.514942340675815
./fr_unknown/6180-t.jpg,6020,0.5565925612631715
./fr_unknown/6138-t.jpg,6198,0.5819693196382693
./fr_unknown/6138-t.jpg,6201,0.5422134932485027
./fr_unknown/6138-t.jpg,6138,0.19836531833258852
./fr_unknown/6138-t.jpg,6118,0.5990219075741902
./fr_unknown/6138-t.jpg,6097,0.5728513946398431
./fr_unknown/6138-t.jpg,6154,0.5898796801743935
./fr_unknown/32-t.jpg,32,0.30883873219334257
./fr_unknown/6025-t.jpg,6025,0.265923365048766
./fr_unknown/6060-t.jpg,6014,0.5877633371219724
./fr_unknown/6060-t.jpg,6060,0.2226211281582102
./fr_unknown/6060-t.jpg,44,0.5747391165423635
./fr_unknown/6018-t.jpg,6018,0.22218771530296888
./fr_unknown/5002-t.jpg,5002,0.3746290418736839
./fr_unknown/6195-t.jpg,6007,0.5915331528183196
./fr_unknown/6195-t.jpg,6002,0.5892120721338152
./fr_unknown/6195-t.jpg,6113,0.5503734433856241
./fr_unknown/6195-t.jpg,6093,0.5547711178965318
./fr_unknown/6195-t.jpg,6096,0.5563633278318854
./fr_unknown/6195-t.jpg,6195,0.23827602669657066
./fr_unknown/6168-t.jpg,6012,0.5841874559654161
./fr_unknown/6168-t.jpg,6161,0.5557547634458638
./fr_unknown/6168-t.jpg,6079,0.5712194371082578
./fr_unknown/6168-t.jpg,6118,0.5913393934761714
./fr_unknown/6168-t.jpg,6151,0.5897478500998344
./fr_unknown/6168-t.jpg,6146,0.5411350775911119
./fr_unknown/6168-t.jpg,6168,0.28708074687744295
./fr_unknown/6051-t.jpg,6051,0.2535400978437258
./fr_unknown/6014-t.jpg,6014,0.18088966127445016
./fr_unknown/6014-t.jpg,28,0.5795915284852255
./fr_unknown/6014-t.jpg,6060,0.569085629424595
./fr_unknown/6014-t.jpg,6062,0.5955368914007467
./fr_unknown/6014-t.jpg,44,0.537888239897286
./fr_unknown/6014-t.jpg,53,0.5701675629391917
./fr_unknown/6014-t.jpg,6155,0.5963808096258713
./fr_unknown/46-t.jpg,63,0.43024172001040284
./fr_unknown/46-t.jpg,6011,0.5072067314160636
./fr_unknown/46-t.jpg,49,0.5229752368469859
./fr_unknown/46-t.jpg,59,0.526099961164698
./fr_unknown/46-t.jpg,6163,0.5769068754566535
./fr_unknown/46-t.jpg,58,0.49419605580123926
./fr_unknown/46-t.jpg,66,0.4607583075521054
./fr_unknown/46-t.jpg,35,0.4330881861117921
./fr_unknown/46-t.jpg,6091,0.5540512172288983
./fr_unknown/46-t.jpg,36,0.5255520069114696
./fr_unknown/46-t.jpg,37,0.5779379454309348
./fr_unknown/46-t.jpg,6120,0.5295139290531329
./fr_unknown/46-t.jpg,18,0.5306335980664874
./fr_unknown/46-t.jpg,69,0.5391961344347835
./fr_unknown/46-t.jpg,6027,0.575089017255925
./fr_unknown/46-t.jpg,40,0.5200996434950231
./fr_unknown/46-t.jpg,6020,0.5493297920863306
./fr_unknown/46-t.jpg,46,0.1560470464823785
./fr_unknown/6109-t.jpg,6109,0.1960651229879986
./fr_unknown/6109-t.jpg,9006,0.5842360458868063
./fr_unknown/6109-t.jpg,6043,0.5069987036230387
./fr_unknown/6109-t.jpg,6094,0.5567304340892649
./fr_unknown/6208-t.jpg,6208,0.35998676574290167
./fr_unknown/6134-t.jpg,6059,0.5581930509942127
./fr_unknown/6134-t.jpg,6090,0.5765879759313149
./fr_unknown/6134-t.jpg,6125,0.5942935035216245
./fr_unknown/6134-t.jpg,6134,0.20101370270673724
./fr_unknown/6134-t.jpg,6151,0.5176108239267344
./fr_unknown/6134-t.jpg,6182,0.5928582212013591
./fr_unknown/6171-t.jpg,6171,0.18073326081195915
./fr_unknown/6049-t.jpg,6049,0.23309676928098608
./fr_unknown/8004-t.jpg,8004,0.4255463351848137
./fr_unknown/9004-t.jpg,74,0.440239468592552
./fr_unknown/9004-t.jpg,6211,0.5802538501760548
./fr_unknown/9004-t.jpg,6210,0.5348597022703233
./fr_unknown/9004-t.jpg,8003,0.4648392333186496
./fr_unknown/9004-t.jpg,75,0.5851110882324845
./fr_unknown/9004-t.jpg,70,0.49819148708729627
./fr_unknown/9004-t.jpg,72,0.4970341684216288
./fr_unknown/9004-t.jpg,6203,0.5483190054467929
./fr_unknown/9004-t.jpg,7007,0.5595822737538689
./fr_unknown/9004-t.jpg,9001,0.472008482805757
./fr_unknown/9004-t.jpg,9004,0.21891818684680628
./fr_unknown/9004-t.jpg,9007,0.5805370791173057
./fr_unknown/9004-t.jpg,6209,0.574936218504262
./fr_unknown/6154-t.jpg,6138,0.5701710010243515
./fr_unknown/6154-t.jpg,6154,0.15676889935019922
./fr_unknown/6111-t.jpg,6111,0.27282024471555166
./fr_unknown/6111-t.jpg,6195,0.5882259544555001
./fr_unknown/6111-t.jpg,3,0.586454434816038
./fr_unknown/5-t.jpg,28,0.5933660651760972
./fr_unknown/5-t.jpg,5,0.2629980765902193
./fr_unknown/6210-t.jpg,6206,0.5122408889285991
./fr_unknown/6210-t.jpg,6207,0.5708780667966807
./fr_unknown/6210-t.jpg,76,0.5817584372047061
./fr_unknown/6210-t.jpg,74,0.47393120311403525
./fr_unknown/6210-t.jpg,6205,0.5349784549029831
./fr_unknown/6210-t.jpg,6211,0.589709679680679
./fr_unknown/6210-t.jpg,6210,0.2709813287257093
./fr_unknown/6210-t.jpg,8003,0.5221984342958167
./fr_unknown/6210-t.jpg,75,0.5500478784367718
./fr_unknown/6210-t.jpg,71,0.5442534305346092
./fr_unknown/6210-t.jpg,70,0.5567072505364343
./fr_unknown/6210-t.jpg,72,0.5258008373464181
./fr_unknown/6210-t.jpg,6203,0.5501238380401785
./fr_unknown/6210-t.jpg,7006,0.5999549490372852
./fr_unknown/6210-t.jpg,7007,0.5130040833492335
./fr_unknown/6210-t.jpg,7004,0.5141281010856934
./fr_unknown/6210-t.jpg,9001,0.5728937610281486
./fr_unknown/6210-t.jpg,5004,0.59808058661971
./fr_unknown/6210-t.jpg,9004,0.5054816459587945
./fr_unknown/6210-t.jpg,7003,0.5312761410755271
./fr_unknown/6210-t.jpg,9007,0.5319870270452671
./fr_unknown/6210-t.jpg,6209,0.5722252081632965
./fr_unknown/6028-t.jpg,6015,0.5839571091504642
./fr_unknown/6028-t.jpg,6028,0.1796209880903667
./fr_unknown/6090-t.jpg,6090,0.22632214078469948
./fr_unknown/6090-t.jpg,6134,0.568488139914325
./fr_unknown/6090-t.jpg,6151,0.5906606337892699
./fr_unknown/6170-t.jpg,6170,0.2396586351133337
./fr_unknown/6170-t.jpg,6087,0.5433940358747195
./fr_unknown/6170-t.jpg,6152,0.5302812823429327
./fr_unknown/76-t.jpg,6206,0.42723671244364714
./fr_unknown/76-t.jpg,76,0.2794452553763885
./fr_unknown/76-t.jpg,6211,0.5679086706044963
./fr_unknown/76-t.jpg,6210,0.5713792125916349
./fr_unknown/76-t.jpg,8003,0.5611103567585362
./fr_unknown/76-t.jpg,75,0.5127912887344374
./fr_unknown/76-t.jpg,71,0.5536639582177147
./fr_unknown/76-t.jpg,73,0.5799034905405102
./fr_unknown/76-t.jpg,5003,0.5941203706365719
./fr_unknown/76-t.jpg,7004,0.5864879160411028
./fr_unknown/76-t.jpg,9005,0.574926403883278
./fr_unknown/76-t.jpg,7003,0.5613403645809071
./fr_unknown/76-t.jpg,9007,0.5846871032367634
./fr_unknown/76-t.jpg,6209,0.5231536096259938
./fr_unknown/33-t.jpg,6089,0.5989969976144142
./fr_unknown/33-t.jpg,33,0.343314575152655
./fr_unknown/6061-t.jpg,6061,0.27416606470154536
./fr_unknown/6061-t.jpg,6079,0.5584462549552663
./fr_unknown/6061-t.jpg,6152,0.5611259988546435
./fr_unknown/6061-t.jpg,6169,0.5933372410077585
./fr_unknown/6024-t.jpg,6024,0.22095886438937024
./fr_unknown/6181-t.jpg,6040,0.557011637435909
./fr_unknown/6181-t.jpg,6181,0.25937760620540656
./fr_unknown/6139-t.jpg,6162,0.59156491838377
./fr_unknown/6139-t.jpg,6200,0.5863687066147752
./fr_unknown/6139-t.jpg,6098,0.5660275160302018
./fr_unknown/6139-t.jpg,6139,0.17918089065214082
./fr_unknown/6139-t.jpg,6102,0.576238912427541
./fr_unknown/6139-t.jpg,6079,0.5752824810208456
./fr_unknown/6139-t.jpg,6151,0.5740693997181864
./fr_unknown/6139-t.jpg,6169,0.599346229385431
./fr_unknown/6045-t.jpg,6045,0.20830477319161084
./fr_unknown/52-t.jpg,6058,0.5969460568707075
./fr_unknown/52-t.jpg,52,0.26031563771092375
./fr_unknown/17-t.jpg,6006,0.5819528943650613
./fr_unknown/17-t.jpg,17,0.16802617226187289
./fr_unknown/17-t.jpg,6058,0.573619998126304
./fr_unknown/17-t.jpg,10,0.580262502375562
./fr_unknown/6158-t.jpg,6158,0.15074819296994416
./fr_unknown/6158-t.jpg,62,0.5525419967730189
./fr_unknown/6158-t.jpg,7006,0.568971980317842
./fr_unknown/6062-t.jpg,6010,0.5964115136005298
./fr_unknown/6062-t.jpg,6014,0.5673113959966373
./fr_unknown/6062-t.jpg,6062,0.18678771737866964
./fr_unknown/6062-t.jpg,6056,0.5830206169233672
./fr_unknown/6062-t.jpg,6186,0.582263288284955
./fr_unknown/30-t.jpg,6060,0.5820021920857388
./fr_unknown/30-t.jpg,6050,0.5989679688909023
./fr_unknown/30-t.jpg,30,0.40950139032973387
./fr_unknown/30-t.jpg,6186,0.5777159386371098
./fr_unknown/75-t.jpg,6207,0.5157376070810755
./fr_unknown/75-t.jpg,74,0.5969761313845959
./fr_unknown/75-t.jpg,6210,0.5815689117814762
./fr_unknown/75-t.jpg,8003,0.5911817060760829
./fr_unknown/75-t.jpg,75,0.3750347124763011
./fr_unknown/75-t.jpg,71,0.516676940401349
./fr_unknown/75-t.jpg,70,0.5354855699249587
./fr_unknown/75-t.jpg,72,0.5781534615092376
./fr_unknown/75-t.jpg,73,0.5885854613176865
./fr_unknown/75-t.jpg,5003,0.5693110107405058
./fr_unknown/75-t.jpg,9001,0.5803320850523224
./fr_unknown/75-t.jpg,9005,0.5697824800716957
./fr_unknown/75-t.jpg,5004,0.49943977623137276
./fr_unknown/75-t.jpg,9004,0.5750289153990529
./fr_unknown/75-t.jpg,9007,0.5653331563076812
./fr_unknown/75-t.jpg,6209,0.5735716696519035
./fr_unknown/6136-t.jpg,6198,0.5549155367697
./fr_unknown/6136-t.jpg,6136,0.22901149511657107
./fr_unknown/6173-t.jpg,6173,0.4396535070356134
./fr_unknown/6173-t.jpg,49,0.5162039214363695
./fr_unknown/6173-t.jpg,6163,0.4880442233498416
./fr_unknown/6173-t.jpg,6040,0.5989104530426639
./fr_unknown/6173-t.jpg,18,0.5664453724329058
./fr_unknown/6173-t.jpg,19,0.5148826827606973
./fr_unknown/6173-t.jpg,6179,0.5811835152440915
./fr_unknown/6173-t.jpg,6027,0.5736740091626147
./fr_unknown/6173-t.jpg,40,0.4776474204087599
./fr_unknown/6173-t.jpg,6180,0.5539757209864634
./fr_unknown/6173-t.jpg,6156,0.5605132173066456
./fr_unknown/6093-t.jpg,6002,0.5673136092888157
./fr_unknown/6093-t.jpg,6058,0.5622157027325311
./fr_unknown/6093-t.jpg,6093,0.19919622383536828
./fr_unknown/6093-t.jpg,6078,0.5972977077262225
./fr_unknown/6093-t.jpg,6083,0.5525066908195647
./fr_unknown/6093-t.jpg,6195,0.5925312484965075
./fr_unknown/6093-t.jpg,6183,0.5977410578833123
./fr_unknown/44-t.jpg,48,0.5562617539686087
./fr_unknown/44-t.jpg,6060,0.5979327282180339
./fr_unknown/44-t.jpg,5005,0.5738498268985514
./fr_unknown/44-t.jpg,44,0.3563660927511834
./fr_unknown/6053-t.jpg,6113,0.5842097710594559
./fr_unknown/6053-t.jpg,6053,0.15837508796023153
./fr_unknown/6053-t.jpg,20,0.5805043841139692
./fr_unknown/6053-t.jpg,6041,0.5615081913327123
./fr_unknown/6016-t.jpg,6171,0.5994368294998333
./fr_unknown/6016-t.jpg,6016,0.1825581339427639
./fr_unknown/6016-t.jpg,6029,0.5791951759549555
./fr_unknown/6016-t.jpg,6174,0.5898966625068717
./fr_unknown/6016-t.jpg,6097,0.5481218497489737
./fr_unknown/6077-t.jpg,67,0.5962208870291497
./fr_unknown/6077-t.jpg,6072,0.5922447826441328
./fr_unknown/6077-t.jpg,6077,0.18129276326846439
./fr_unknown/23-t.jpg,63,0.5213644588617139
./fr_unknown/23-t.jpg,6011,0.5816166919069916
./fr_unknown/23-t.jpg,6189,0.545246182791214
./fr_unknown/23-t.jpg,6063,0.5309157310107224
./fr_unknown/23-t.jpg,6091,0.5732765070206013
./fr_unknown/23-t.jpg,23,0.4546847778263349
./fr_unknown/23-t.jpg,6120,0.5585539906250149
./fr_unknown/23-t.jpg,69,0.5431351201895716
./fr_unknown/23-t.jpg,6033,0.5975567459142289
./fr_unknown/23-t.jpg,6027,0.5497520263822462
./fr_unknown/23-t.jpg,46,0.5406093706182181
./fr_unknown/6071-t.jpg,6172,0.593117187919132
./fr_unknown/6071-t.jpg,6064,0.5989925300263849
./fr_unknown/6071-t.jpg,6071,0.22071726500332803
./fr_unknown/6034-t.jpg,6189,0.5790416442942286
./fr_unknown/6034-t.jpg,6149,0.5555096087454331
./fr_unknown/6034-t.jpg,6069,0.5950869177115583
./fr_unknown/6034-t.jpg,6094,0.5769153522196019
./fr_unknown/6034-t.jpg,6192,0.5707980210536379
./fr_unknown/6034-t.jpg,6034,0.24641874841253564
./fr_unknown/6193-t.jpg,6115,0.5834499821438571
./fr_unknown/6193-t.jpg,6193,0.2536822716914205
./fr_unknown/6073-t.jpg,6073,0.2574822645465145
./fr_unknown/6073-t.jpg,6092,0.590390279236077
./fr_unknown/6036-t.jpg,6112,0.5398993135893623
./fr_unknown/6036-t.jpg,6110,0.5986213091332477
./fr_unknown/6036-t.jpg,6049,0.5784208107226706
./fr_unknown/6036-t.jpg,6048,0.5782330717471905
./fr_unknown/6036-t.jpg,33,0.5378247498298603
./fr_unknown/6036-t.jpg,6036,0.21625681645169628
./fr_unknown/64-t.jpg,64,0.26573253480236136
./fr_unknown/21-t.jpg,21,0.5092906240902633
./fr_unknown/21-t.jpg,6053,0.5713223358871874
./fr_unknown/21-t.jpg,20,0.5464523585331811
./fr_unknown/21-t.jpg,5,0.5997393310287211
./fr_unknown/5004-t.jpg,6207,0.5735471824915854
./fr_unknown/5004-t.jpg,74,0.5651721511983195
./fr_unknown/5004-t.jpg,8003,0.5461436110559786
./fr_unknown/5004-t.jpg,75,0.572769127023278
./fr_unknown/5004-t.jpg,71,0.5896446000194618
./fr_unknown/5004-t.jpg,70,0.529075022129442
./fr_unknown/5004-t.jpg,72,0.5212844215142844
./fr_unknown/5004-t.jpg,6203,0.5746212547899059
./fr_unknown/5004-t.jpg,7008,0.5361099309473099
./fr_unknown/5004-t.jpg,7007,0.5276330708169397
./fr_unknown/5004-t.jpg,9001,0.5774106205775318
./fr_unknown/5004-t.jpg,5004,0.33024772462034907
./fr_unknown/5004-t.jpg,9004,0.5841962128278059
./fr_unknown/5004-t.jpg,9007,0.5914799021835663
./fr_unknown/59-t.jpg,63,0.5491046893008154
./fr_unknown/59-t.jpg,6011,0.5063963614311389
./fr_unknown/59-t.jpg,59,0.23939870951955305
./fr_unknown/59-t.jpg,58,0.49548346329370324
./fr_unknown/59-t.jpg,66,0.5085455762898434
./fr_unknown/59-t.jpg,35,0.5701017051537071
./fr_unknown/59-t.jpg,6091,0.5906722659882625
./fr_unknown/59-t.jpg,36,0.5228051147050307
./fr_unknown/59-t.jpg,40,0.5478527433412566
./fr_unknown/59-t.jpg,6020,0.5178459644109205
./fr_unknown/59-t.jpg,46,0.5750496024025905
./fr_unknown/6072-t.jpg,6003,0.37118286158602287
./fr_unknown/6072-t.jpg,6072,0.20170598494130154
./fr_unknown/6072-t.jpg,6008,0.5831906699994095
./fr_unknown/6072-t.jpg,52,0.5602175978966709
./fr_unknown/20-t.jpg,20,0.3251917865733281
./fr_unknown/65-t.jpg,6166,0.5661057283864784
./fr_unknown/65-t.jpg,65,0.3711504288079792
./fr_unknown/5005-t.jpg,6204,0.597604105999292
./fr_unknown/5005-t.jpg,5005,0.28701676398625836
./fr_unknown/5005-t.jpg,44,0.596950881751814
./fr_unknown/6192-t.jpg,6005,0.5822584563250854
./fr_unknown/6192-t.jpg,6204,0.5881794777472946
./fr_unknown/6192-t.jpg,6149,0.530471713420459
./fr_unknown/6192-t.jpg,6192,0.22654302257394324
./fr_unknown/6192-t.jpg,6034,0.5412462453303026
./fr_unknown/6192-t.jpg,6155,0.5628948301643851
./fr_unknown/41-t.jpg,41,0.2195759557222652
./fr_unknown/6013-t.jpg,6013,0.20354006030909558
./fr_unknown/6056-t.jpg,6062,0.5509587352303493
./fr_unknown/6056-t.jpg,6089,0.5574184722551903
./fr_unknown/6056-t.jpg,6084,0.5417894080748283
./fr_unknown/6056-t.jpg,6056,0.18825401967565228
./fr_unknown/6056-t.jpg,6186,0.5650885413751002
./fr_unknown/6176-t.jpg,6198,0.5764768995969103
./fr_unknown/6176-t.jpg,6176,0.1875239930196026
./fr_unknown/6176-t.jpg,6098,0.5831574342475601
./fr_unknown/6176-t.jpg,6129,0.5805581078865863
./fr_unknown/6176-t.jpg,6132,0.5968474540101334
./fr_unknown/6176-t.jpg,6,0.5792820980689032
./fr_unknown/6133-t.jpg,6133,0.17145093654391322
./fr_unknown/6020-t.jpg,6011,0.534781998379066
./fr_unknown/6020-t.jpg,59,0.5195529565108833
./fr_unknown/6020-t.jpg,6163,0.5287737171623392
./fr_unknown/6020-t.jpg,58,0.5651040841936539
./fr_unknown/6020-t.jpg,66,0.4519612672512271
./fr_unknown/6020-t.jpg,35,0.4938085349252416
./fr_unknown/6020-t.jpg,6091,0.5731431634875774
./fr_unknown/6020-t.jpg,36,0.5622436486363422
./fr_unknown/6020-t.jpg,69,0.5678176114927419
./fr_unknown/6020-t.jpg,6027,0.5606852006224432
./fr_unknown/6020-t.jpg,6180,0.5181930186289981
./fr_unknown/6020-t.jpg,6020,0.21277241087497734
./fr_unknown/6020-t.jpg,46,0.5560322391788428
./fr_unknown/6187-t.jpg,6062,0.5834587506031331
./fr_unknown/6187-t.jpg,6121,0.5904591130860376
./fr_unknown/6187-t.jpg,6187,0.2930374635406011
./fr_unknown/6067-t.jpg,9,0.5925668517309948
./fr_unknown/6067-t.jpg,6067,0.23257372038270352
./fr_unknown/6067-t.jpg,6041,0.5600780438533873
./fr_unknown/6022-t.jpg,6038,0.595130159014544
./fr_unknown/6022-t.jpg,6022,0.22575013634573135
./fr_unknown/70-t.jpg,6206,0.5615970304324717
./fr_unknown/70-t.jpg,6207,0.5914910632238456
./fr_unknown/70-t.jpg,74,0.48755285075830046
./fr_unknown/70-t.jpg,6205,0.4733072264688301
./fr_unknown/70-t.jpg,6211,0.5424446873013377
./fr_unknown/70-t.jpg,6210,0.5169268664637662
./fr_unknown/70-t.jpg,8003,0.45301296166865124
./fr_unknown/70-t.jpg,75,0.522639665302335
./fr_unknown/70-t.jpg,71,0.5080216571647443
./fr_unknown/70-t.jpg,70,0.2902080277755383
./fr_unknown/70-t.jpg,72,0.4431172326485376
./fr_unknown/70-t.jpg,6203,0.5550629207138549
./fr_unknown/70-t.jpg,5003,0.5189721158405584
./fr_unknown/70-t.jpg,7007,0.5699736160385734
./fr_unknown/70-t.jpg,7004,0.5682693233841206
./fr_unknown/70-t.jpg,9001,0.5127838309281477
./fr_unknown/70-t.jpg,9005,0.5487876183075143
./fr_unknown/70-t.jpg,5004,0.5375653484900552
./fr_unknown/70-t.jpg,9004,0.5247047451365223
./fr_unknown/70-t.jpg,7003,0.5630233783616373
./fr_unknown/70-t.jpg,9007,0.5548319855178494
./fr_unknown/70-t.jpg,6209,0.5128950231301571
./fr_unknown/35-t.jpg,63,0.47815020178938383
./fr_unknown/35-t.jpg,6011,0.5176200213800511
./fr_unknown/35-t.jpg,49,0.5708210821427961
./fr_unknown/35-t.jpg,59,0.4915719379400487
./fr_unknown/35-t.jpg,58,0.4871995528956934
./fr_unknown/35-t.jpg,66,0.5321451609588532
./fr_unknown/35-t.jpg,35,0.400746630701828
./fr_unknown/35-t.jpg,6091,0.5763052075524548
./fr_unknown/35-t.jpg,36,0.5350668251158666
./fr_unknown/35-t.jpg,37,0.5820360237902189
./fr_unknown/35-t.jpg,6120,0.5809064770428606
./fr_unknown/35-t.jpg,18,0.5394936390712808
./fr_unknown/35-t.jpg,69,0.5210938929977978
./fr_unknown/35-t.jpg,6027,0.5696341132601017
./fr_unknown/35-t.jpg,40,0.5438412794566237
./fr_unknown/35-t.jpg,6020,0.5420511859180132
./fr_unknown/35-t.jpg,46,0.44411235021474676
./fr_unknown/6102-t.jpg,6139,0.5381129630464593
./fr_unknown/6102-t.jpg,6101,0.5907923682399407
./fr_unknown/6102-t.jpg,6100,0.5779377276658135
./fr_unknown/6102-t.jpg,6102,0.24985741294757882
./fr_unknown/6102-t.jpg,6079,0.5281560581895922
./fr_unknown/6102-t.jpg,6086,0.5983838416611783
./fr_unknown/6102-t.jpg,6087,0.5863594794287289
./fr_unknown/6102-t.jpg,6097,0.5692058367123874
./fr_unknown/6102-t.jpg,6122,0.597659249684948
./fr_unknown/6102-t.jpg,6147,0.5767265370505061
./fr_unknown/6147-t.jpg,6199,0.5638388434018521
./fr_unknown/6147-t.jpg,6102,0.5716995145362676
./fr_unknown/6147-t.jpg,6086,0.5990722008469682
./fr_unknown/6147-t.jpg,6130,0.5596415448582105
./fr_unknown/6147-t.jpg,6147,0.1695593878885711
./fr_unknown/6203-t.jpg,6206,0.5930490139680541
./fr_unknown/6203-t.jpg,6205,0.5531922095944641
./fr_unknown/6203-t.jpg,6210,0.5658692429274288
./fr_unknown/6203-t.jpg,8003,0.5779752534697223
./fr_unknown/6203-t.jpg,75,0.5886731121512511
./fr_unknown/6203-t.jpg,71,0.5320639570328493
./fr_unknown/6203-t.jpg,70,0.5363371308354239
./fr_unknown/6203-t.jpg,6203,0.4539147896580512
./fr_unknown/6203-t.jpg,5003,0.5889314953435402
./fr_unknown/6203-t.jpg,7004,0.5904487122533437
./fr_unknown/6203-t.jpg,9001,0.5545160283982314
./fr_unknown/6203-t.jpg,9005,0.5783067430700387
./fr_unknown/6203-t.jpg,6209,0.5536391961862489
./fr_unknown/69-t.jpg,63,0.5924009927926464
./fr_unknown/69-t.jpg,6011,0.570697523313779
./fr_unknown/69-t.jpg,58,0.5811487820113339
./fr_unknown/69-t.jpg,35,0.5492120806827558
./fr_unknown/69-t.jpg,6091,0.553812258246523
./fr_unknown/69-t.jpg,36,0.5581588406775368
./fr_unknown/69-t.jpg,69,0.3291901657398359
./fr_unknown/69-t.jpg,6020,0.5336346894338045
./fr_unknown/69-t.jpg,46,0.5790132251452182
./fr_unknown/6066-t.jpg,6149,0.5841397771271668
./fr_unknown/6066-t.jpg,6066,0.2753769872015282
./fr_unknown/34-t.jpg,34,0.31747820970118684
./fr_unknown/71-t.jpg,6206,0.5497680573640927
./fr_unknown/71-t.jpg,6207,0.5450225624875016
./fr_unknown/71-t.jpg,76,0.5774339635457365
./fr_unknown/71-t.jpg,6205,0.5587079555855857
./fr_unknown/71-t.jpg,6211,0.5827419274921734
./fr_unknown/71-t.jpg,6210,0.5578600770596677
./fr_unknown/71-t.jpg,8003,0.5366733647145175
./fr_unknown/71-t.jpg,75,0.4782474403914338
./fr_unknown/71-t.jpg,71,0.2646277428040898
./fr_unknown/71-t.jpg,70,0.5203417002884823
./fr_unknown/71-t.jpg,72,0.5001154748367667
./fr_unknown/71-t.jpg,6202,0.5886320548639584
./fr_unknown/71-t.jpg,5003,0.49919377646669694
./fr_unknown/71-t.jpg,7004,0.5600843594809912
./fr_unknown/71-t.jpg,9001,0.5912461076988942
./fr_unknown/71-t.jpg,9005,0.481787350786255
./fr_unknown/71-t.jpg,9004,0.581682259781698
./fr_unknown/71-t.jpg,7003,0.5135663107035747
./fr_unknown/71-t.jpg,9007,0.5778928836795463
./fr_unknown/71-t.jpg,6209,0.5909864531359722
./fr_unknown/6186-t.jpg,6149,0.5825041691823581
./fr_unknown/6186-t.jpg,6065,0.5978371787451159
./fr_unknown/6186-t.jpg,6115,0.5927695411862636
./fr_unknown/6186-t.jpg,6060,0.5574226924215887
./fr_unknown/6186-t.jpg,6062,0.5644987024044782
./fr_unknown/6186-t.jpg,6089,0.5986508406537376
./fr_unknown/6186-t.jpg,6069,0.5467622361443932
./fr_unknown/6186-t.jpg,6186,0.20471041461689476
./fr_unknown/6186-t.jpg,6033,0.584266986789324
./fr_unknown/6186-t.jpg,6034,0.593542792976171
./fr_unknown/10-t.jpg,10,0.23846961840270914
./fr_unknown/55-t.jpg,55,0.3017243430064615
./fr_unknown/6007-t.jpg,6007,0.22100846636202215
./fr_unknown/6007-t.jpg,6006,0.5932885776401146
./fr_unknown/6007-t.jpg,6002,0.5917041210199884
./fr_unknown/6007-t.jpg,6113,0.5901210369997559
./fr_unknown/6007-t.jpg,6195,0.5605457281762548
./fr_unknown/6042-t.jpg,6042,0.2083299541633749
./fr_unknown/7007-t.jpg,72,0.5503390261962973
./fr_unknown/7007-t.jpg,7007,0.34892121883073507
./fr_unknown/7007-t.jpg,5004,0.5788094605079441
./fr_unknown/6162-t.jpg,6198,0.5547792799838072
./fr_unknown/6162-t.jpg,6162,0.28716839006922956
./fr_unknown/6110-t.jpg,6010,0.5584920471189264
./fr_unknown/6110-t.jpg,6149,0.5941630561607226
./fr_unknown/6110-t.jpg,6110,0.2701948393637208
./fr_unknown/6110-t.jpg,6062,0.5286197919265793
./fr_unknown/6110-t.jpg,6054,0.5672394030412541
./fr_unknown/6155-t.jpg,21,0.5959509697691091
./fr_unknown/6155-t.jpg,6084,0.5919475794776458
./fr_unknown/6155-t.jpg,6053,0.591127669192455
./fr_unknown/6155-t.jpg,6041,0.5619191221938379
./fr_unknown/6155-t.jpg,31,0.569704854899694
./fr_unknown/6155-t.jpg,6192,0.5715861545753923
./fr_unknown/6155-t.jpg,6155,0.20747420790902898
./fr_unknown/6211-t.jpg,6206,0.5467979729542304
./fr_unknown/6211-t.jpg,74,0.5475244685947509
./fr_unknown/6211-t.jpg,6205,0.5545215647074879
./fr_unknown/6211-t.jpg,6211,0.3523322876616186
./fr_unknown/6211-t.jpg,6210,0.5157443036573925
./fr_unknown/6211-t.jpg,8003,0.43738668981650597
./fr_unknown/6211-t.jpg,71,0.5479809327449641
./fr_unknown/6211-t.jpg,70,0.5234320234097533
./fr_unknown/6211-t.jpg,72,0.5541778734217363
./fr_unknown/6211-t.jpg,6203,0.5562736845448256
./fr_unknown/6211-t.jpg,6202,0.5895845754272422
./fr_unknown/6211-t.jpg,7008,0.5928801186692857
./fr_unknown/6211-t.jpg,5003,0.5855941974935636
./fr_unknown/6211-t.jpg,7004,0.5166783672441103
./fr_unknown/6211-t.jpg,9001,0.5149374192612126
./fr_unknown/6211-t.jpg,9005,0.5316611499955017
./fr_unknown/6211-t.jpg,9004,0.5309773328718796
./fr_unknown/6211-t.jpg,7003,0.5504044754412734
./fr_unknown/6211-t.jpg,9007,0.5763309153932623
./fr_unknown/6211-t.jpg,6209,0.5677416226936789
./fr_unknown/4-t.jpg,8,0.5959541645974985
./fr_unknown/4-t.jpg,6080,0.5896460437098109
./fr_unknown/4-t.jpg,4,0.24189545729263198
./fr_unknown/6048-t.jpg,6048,0.23372084617043287
./fr_unknown/6048-t.jpg,37,0.5880582511532908
./fr_unknown/6048-t.jpg,6036,0.5636174518773668
./fr_unknown/62-t.jpg,6158,0.5616681705260879
./fr_unknown/62-t.jpg,62,0.22977956243432593
./fr_unknown/27-t.jpg,27,0.35348629830136064
./fr_unknown/27-t.jpg,6023,0.5968332636458394
./fr_unknown/6075-t.jpg,6075,0.2083852138566636
./fr_unknown/6075-t.jpg,6057,0.590876839795643
./fr_unknown/6030-t.jpg,6030,0.17273954494233515
./fr_unknown/6088-t.jpg,6176,0.5946342603226493
./fr_unknown/6088-t.jpg,6088,0.27873769192318354
./fr_unknown/6076-t.jpg,6174,0.5888293254709974
./fr_unknown/6076-t.jpg,6128,0.5610348605127419
./fr_unknown/6076-t.jpg,6076,0.2038157651027646
./fr_unknown/6076-t.jpg,6097,0.5819688357933825
./fr_unknown/24-t.jpg,6038,0.5205847983401823
./fr_unknown/24-t.jpg,24,0.24580752431169614
./fr_unknown/24-t.jpg,6123,0.596761975200802
./fr_unknown/61-t.jpg,61,0.1627549823051745
./fr_unknown/6152-t.jpg,6170,0.5800872045353427
./fr_unknown/6152-t.jpg,6126,0.5935475212351243
./fr_unknown/6152-t.jpg,6118,0.5927606788704392
./fr_unknown/6152-t.jpg,6151,0.5827473891088109
./fr_unknown/6152-t.jpg,6152,0.1936496967697211
./fr_unknown/6152-t.jpg,6182,0.558379054117785
./fr_unknown/6117-t.jpg,60,0.5963173041899663
./fr_unknown/6117-t.jpg,6117,0.21185292273993822
./fr_unknown/6117-t.jpg,6083,0.58249873138282
./fr_unknown/6117-t.jpg,6023,0.5779221107759918
./fr_unknown/8002-t.jpg,8002,0.34172888639365373
./fr_unknown/9002-t.jpg,9002,0.2757603037691512
./fr_unknown/3-t.jpg,3,0.20456854262101687
./fr_unknown/58-t.jpg,63,0.49159316851000096
./fr_unknown/58-t.jpg,6011,0.5330236456386964
./fr_unknown/58-t.jpg,59,0.4444222388891584
./fr_unknown/58-t.jpg,6163,0.5818418265948602
./fr_unknown/58-t.jpg,58,0.32113089787807786
./fr_unknown/58-t.jpg,66,0.4115701494922421
./fr_unknown/58-t.jpg,35,0.48526438232918057
./fr_unknown/58-t.jpg,6091,0.5923919155014763
./fr_unknown/58-t.jpg,36,0.46135872514662957
./fr_unknown/58-t.jpg,6120,0.5691797649844471
./fr_unknown/58-t.jpg,18,0.5702731992007287
./fr_unknown/58-t.jpg,69,0.5372316236010123
./fr_unknown/58-t.jpg,40,0.5355700047218326
./fr_unknown/58-t.jpg,6180,0.5909272607817666
./fr_unknown/58-t.jpg,6020,0.5201709866403257
./fr_unknown/58-t.jpg,46,0.5169182815046901
./fr_unknown/6037-t.jpg,6037,0.2184359581818934
./fr_unknown/31-t.jpg,6038,0.5792697698905349
./fr_unknown/31-t.jpg,36,0.5415691749509095
./fr_unknown/31-t.jpg,31,0.20603956982964636
./fr_unknown/6183-t.jpg,6010,0.5908289505820311
./fr_unknown/6183-t.jpg,6116,0.5836598173644952
./fr_unknown/6183-t.jpg,6183,0.28899039365784146
./fr_unknown/6207-t.jpg,6207,0.4738383627383975
./fr_unknown/6207-t.jpg,74,0.5519950893488393
./fr_unknown/6207-t.jpg,6205,0.5686514477717481
./fr_unknown/6207-t.jpg,6211,0.5781629181727234
./fr_unknown/6207-t.jpg,6210,0.4973426670819801
./fr_unknown/6207-t.jpg,8003,0.5338374717201004
./fr_unknown/6207-t.jpg,75,0.5219444543006337
./fr_unknown/6207-t.jpg,71,0.5336914232836553
./fr_unknown/6207-t.jpg,70,0.5803765828319798
./fr_unknown/6207-t.jpg,72,0.549612097020622
./fr_unknown/6207-t.jpg,6203,0.5842097131099206
./fr_unknown/6207-t.jpg,7008,0.5914010016658551
./fr_unknown/6207-t.jpg,5003,0.5905231815347969
./fr_unknown/6207-t.jpg,7007,0.5408588071701642
./fr_unknown/6207-t.jpg,7004,0.5474938272759051
./fr_unknown/6207-t.jpg,9001,0.5769527590548468
./fr_unknown/6207-t.jpg,9005,0.5921193000311087
./fr_unknown/6207-t.jpg,7003,0.5917190288860116
./fr_unknown/6207-t.jpg,9007,0.546341892217704
./fr_unknown/6207-t.jpg,6209,0.5490867447487194
./fr_unknown/6106-t.jpg,6029,0.5610173102593857
./fr_unknown/6106-t.jpg,6106,0.25263283662556857
./fr_unknown/6106-t.jpg,6124,0.5780743719223245
./fr_unknown/6143-t.jpg,6174,0.544040543935053
./fr_unknown/6143-t.jpg,6143,0.20162252255901691
./fr_unknown/49-t.jpg,63,0.5878619910040129
./fr_unknown/49-t.jpg,49,0.25110386484243413
./fr_unknown/49-t.jpg,58,0.5782659961624934
./fr_unknown/49-t.jpg,35,0.5399761912399103
./fr_unknown/49-t.jpg,36,0.5970297187421929
./fr_unknown/49-t.jpg,6120,0.4914346871262612
./fr_unknown/49-t.jpg,6040,0.5596016820105222
./fr_unknown/49-t.jpg,18,0.5902573483144685
./fr_unknown/49-t.jpg,19,0.5064085979427215
./fr_unknown/49-t.jpg,6179,0.4704087646192179
./fr_unknown/49-t.jpg,6185,0.5725204175525132
./fr_unknown/49-t.jpg,6027,0.46902730745118415
./fr_unknown/49-t.jpg,40,0.5632364198947908
./fr_unknown/49-t.jpg,6180,0.5620914469537454
./fr_unknown/49-t.jpg,6156,0.5695345403649641
./fr_unknown/49-t.jpg,46,0.5626581557351613
./fr_unknown/6104-t.jpg,6104,0.15664508403077168
./fr_unknown/6141-t.jpg,6198,0.5966009790534691
./fr_unknown/6141-t.jpg,6132,0.5933359553428253
./fr_unknown/6141-t.jpg,6145,0.5901099800263082
./fr_unknown/6141-t.jpg,6141,0.19187414887794202
./fr_unknown/6205-t.jpg,6206,0.5434580953312766
./fr_unknown/6205-t.jpg,74,0.5670727363865692
./fr_unknown/6205-t.jpg,6205,0.27424961235566625
./fr_unknown/6205-t.jpg,6211,0.4766813259887895
./fr_unknown/6205-t.jpg,6210,0.48805438137810947
./fr_unknown/6205-t.jpg,8003,0.507882547946137
./fr_unknown/6205-t.jpg,75,0.5798510227602018
./fr_unknown/6205-t.jpg,71,0.5344837356912941
./fr_unknown/6205-t.jpg,70,0.4679994161533686
./fr_unknown/6205-t.jpg,72,0.49369923423751777
./fr_unknown/6205-t.jpg,6203,0.5282879197292846
./fr_unknown/6205-t.jpg,5003,0.5330188746908037
./fr_unknown/6205-t.jpg,7007,0.5987193035475957
./fr_unknown/6205-t.jpg,7004,0.5571442760077938
./fr_unknown/6205-t.jpg,9001,0.5956762643313257
./fr_unknown/6205-t.jpg,9005,0.5536075087366342
./fr_unknown/6205-t.jpg,9004,0.5586785437479648
./fr_unknown/6205-t.jpg,7003,0.5620918455771121
./fr_unknown/6205-t.jpg,6209,0.5035151611106579
./fr_unknown/6019-t.jpg,6188,0.5947450395344642
./fr_unknown/6019-t.jpg,6075,0.5977739456649535
./fr_unknown/6019-t.jpg,6069,0.5997480006755893
./fr_unknown/6019-t.jpg,6057,0.5477324182779364
./fr_unknown/6019-t.jpg,6019,0.21998254919313345
./fr_unknown/6019-t.jpg,6021,0.5961837376051462
./fr_unknown/12-t.jpg,12,0.18388954221378825
./fr_unknown/57-t.jpg,7005,0.5950603581749503
./fr_unknown/57-t.jpg,57,0.45050595924055303
./fr_unknown/6118-t.jpg,6012,0.5636631883822959
./fr_unknown/6118-t.jpg,6073,0.5943566186107861
./fr_unknown/6118-t.jpg,6061,0.589843955181182
./fr_unknown/6118-t.jpg,6118,0.30149955192902317
./fr_unknown/6118-t.jpg,6151,0.5748747304553552
./fr_unknown/6118-t.jpg,6152,0.5971293333816627
./fr_unknown/6118-t.jpg,6146,0.5550417213507106
./fr_unknown/6118-t.jpg,6168,0.5019412621571913
./fr_unknown/6099-t.jpg,6099,0.17465622117840002
./fr_unknown/6099-t.jpg,6040,0.555437003933033
./fr_unknown/6099-t.jpg,6027,0.5170482608039672
./fr_unknown/6099-t.jpg,6180,0.5166202926122703
./fr_unknown/6099-t.jpg,6156,0.5621831061770983
./fr_unknown/36-t.jpg,63,0.49177212423637734
./fr_unknown/36-t.jpg,6011,0.48809929364840815
./fr_unknown/36-t.jpg,59,0.45513269897451464
./fr_unknown/36-t.jpg,6163,0.5196530093387157
./fr_unknown/36-t.jpg,58,0.4682730193931759
./fr_unknown/36-t.jpg,66,0.38827935066150804
./fr_unknown/36-t.jpg,35,0.5425835019968706
./fr_unknown/36-t.jpg,6091,0.5210565645740618
./fr_unknown/36-t.jpg,36,0.29488913372221787
./fr_unknown/36-t.jpg,6120,0.5670665639755821
./fr_unknown/36-t.jpg,6040,0.5961700777134544
./fr_unknown/36-t.jpg,18,0.5901813206488894
./fr_unknown/36-t.jpg,40,0.4715410434532472
./fr_unknown/36-t.jpg,6020,0.5686627344575055
./fr_unknown/36-t.jpg,46,0.5556559433378655
./fr_unknown/36-t.jpg,6206,0.5597249360172573
./fr_unknown/36-t.jpg,6207,0.5816611457474483
./fr_unknown/36-t.jpg,76,0.5933069537220945
./fr_unknown/36-t.jpg,74,0.5983777337242991
./fr_unknown/36-t.jpg,6205,0.5837462369795007
./fr_unknown/36-t.jpg,6211,0.5744386145043024
./fr_unknown/36-t.jpg,6210,0.4719925585728218
./fr_unknown/36-t.jpg,8003,0.5850602820146812
./fr_unknown/36-t.jpg,75,0.5514345029156362
./fr_unknown/36-t.jpg,71,0.5182698646461761
./fr_unknown/36-t.jpg,70,0.583480455647289
./fr_unknown/36-t.jpg,6203,0.5928653393254968
./fr_unknown/36-t.jpg,5003,0.5784938241243269
./fr_unknown/36-t.jpg,5002,0.596837820201634
./fr_unknown/36-t.jpg,7004,0.5568725633565403
./fr_unknown/36-t.jpg,9001,0.5685580956262485
./fr_unknown/36-t.jpg,9005,0.5641769935113111
./fr_unknown/36-t.jpg,9007,0.5772298010511756
./fr_unknown/36-t.jpg,6209,0.5543594698237923
./fr_unknown/73-t.jpg,8003,0.5940214134560473
./fr_unknown/73-t.jpg,75,0.586666569353948
./fr_unknown/73-t.jpg,70,0.5283900435818562
./fr_unknown/73-t.jpg,73,0.5288766431504189
./fr_unknown/73-t.jpg,6209,0.5549361065503878
./fr_unknown/6021-t.jpg,6113,0.5891138003341321
./fr_unknown/6021-t.jpg,6072,0.5882832399453457
./fr_unknown/6021-t.jpg,6064,0.592670161440487
./fr_unknown/6021-t.jpg,6058,0.591102326958594
./fr_unknown/6021-t.jpg,6093,0.5776167766794809
./fr_unknown/6021-t.jpg,6050,0.584760795774946
./fr_unknown/6021-t.jpg,32,0.5911602975490111
./fr_unknown/6021-t.jpg,6057,0.5884941110742922
./fr_unknown/6021-t.jpg,6192,0.5699899744930137
./fr_unknown/6021-t.jpg,6021,0.13921862813201039
./fr_unknown/6064-t.jpg,6138,0.5917088100715057
./fr_unknown/6064-t.jpg,6064,0.2424125670433795
./fr_unknown/6179-t.jpg,49,0.4306988703676731
./fr_unknown/6179-t.jpg,35,0.5724429424336848
./fr_unknown/6179-t.jpg,6120,0.5754406400741102
./fr_unknown/6179-t.jpg,6040,0.5594071920970596
./fr_unknown/6179-t.jpg,18,0.5855597561548584
./fr_unknown/6179-t.jpg,19,0.5608359263651433
./fr_unknown/6179-t.jpg,6179,0.1747824111702562
./fr_unknown/6179-t.jpg,6027,0.5105142619233546
./fr_unknown/6179-t.jpg,6180,0.5593523465424877
./fr_unknown/6179-t.jpg,6156,0.5956114903915453
./fr_unknown/6179-t.jpg,46,0.5779813977168957
./fr_unknown/6184-t.jpg,6184,0.20590817007128429
./fr_unknown/6029-t.jpg,6016,0.5327974036408053
./fr_unknown/6029-t.jpg,6029,0.2561869990725752
./fr_unknown/6029-t.jpg,6106,0.5383696604914374
./fr_unknown/6029-t.jpg,6124,0.5877327881486966
./fr_unknown/6029-t.jpg,6196,0.5747739343229883
./fr_unknown/6091-t.jpg,6011,0.5143949473781501
./fr_unknown/6091-t.jpg,59,0.5575224514151713
./fr_unknown/6091-t.jpg,58,0.5428349620550449
./fr_unknown/6091-t.jpg,66,0.5089403313680892
./fr_unknown/6091-t.jpg,35,0.5763758398005258
./fr_unknown/6091-t.jpg,6091,0.2247133832579929
./fr_unknown/6091-t.jpg,36,0.5602214550917571
./fr_unknown/6091-t.jpg,6120,0.5454754992863593
./fr_unknown/6091-t.jpg,69,0.5934548067085693
./fr_unknown/6091-t.jpg,40,0.5851106234053566
./fr_unknown/6091-t.jpg,6020,0.5732534704765475
./fr_unknown/6148-t.jpg,6015,0.5698604204422858
./fr_unknown/6148-t.jpg,6148,0.1421253580144999
./fr_unknown/6055-t.jpg,6112,0.5968300010908016
./fr_unknown/6055-t.jpg,6055,0.18221719808668788
./fr_unknown/6010-t.jpg,6010,0.1907370116723756
./fr_unknown/6010-t.jpg,6110,0.5631784975007047
./fr_unknown/6010-t.jpg,18,0.5875016847145144
./fr_unknown/6010-t.jpg,6183,0.5908092874390645
./fr_unknown/6010-t.jpg,46,0.5812899287173526
./fr_unknown/42-t.jpg,42,0.26517192378107873
./fr_unknown/6095-t.jpg,6095,0.23132972670874385
./fr_unknown/6068-t.jpg,6204,0.5880108195643443
./fr_unknown/6068-t.jpg,65,0.5944149555743371
./fr_unknown/6068-t.jpg,6002,0.5805749885295324
./fr_unknown/6068-t.jpg,6068,0.23561735571417883
./fr_unknown/6130-t.jpg,6130,0.2223350688869252
./fr_unknown/6130-t.jpg,6147,0.5606973429600464
./fr_unknown/6175-t.jpg,6201,0.5886271958537136
./fr_unknown/6175-t.jpg,6175,0.3069133788539689
./fr_unknown/6175-t.jpg,6169,0.5958261618256859
./fr_unknown/6172-t.jpg,6172,0.2433251578419715
./fr_unknown/6137-t.jpg,6029,0.5936714412823737
./fr_unknown/6137-t.jpg,6138,0.5934757921385685
./fr_unknown/6137-t.jpg,6137,0.31557031910155214
./fr_unknown/19-t.jpg,6173,0.5319076795666678
./fr_unknown/19-t.jpg,49,0.5218738682035611
./fr_unknown/19-t.jpg,6163,0.5129217900298826
./fr_unknown/19-t.jpg,35,0.5245713545344947
./fr_unknown/19-t.jpg,6120,0.5774527111236353
./fr_unknown/19-t.jpg,6040,0.5295425807201448
./fr_unknown/19-t.jpg,19,0.14729586388083088
./fr_unknown/19-t.jpg,6179,0.5393696297580162
./fr_unknown/19-t.jpg,6027,0.5325198335230144
./fr_unknown/19-t.jpg,40,0.5480711243238988
./fr_unknown/19-t.jpg,6180,0.5513229772429511
./fr_unknown/19-t.jpg,6156,0.5086609097625859
./fr_unknown/7-t.jpg,7,0.26517424021351926
./fr_unknown/6156-t.jpg,6173,0.5803124442745989
./fr_unknown/6156-t.jpg,49,0.5794145133227107
./fr_unknown/6156-t.jpg,6163,0.5015121325237325
./fr_unknown/6156-t.jpg,6099,0.5453159009669208
./fr_unknown/6156-t.jpg,35,0.5908458110955516
./fr_unknown/6156-t.jpg,6040,0.5902608589912566
./fr_unknown/6156-t.jpg,19,0.48995935192424717
./fr_unknown/6156-t.jpg,6179,0.5726487586892753
./fr_unknown/6156-t.jpg,6027,0.4939486182492656
./fr_unknown/6156-t.jpg,40,0.5611217135256256
./fr_unknown/6156-t.jpg,6180,0.4893341200747279
./fr_unknown/6156-t.jpg,6156,0.14017462443213322
./fr_unknown/6113-t.jpg,6007,0.5732905969035003
./fr_unknown/6113-t.jpg,6113,0.22197042193533129
./fr_unknown/6113-t.jpg,6195,0.552541788427228
./fr_unknown/9006-t.jpg,9006,0.38752113208672234
./fr_unknown/6196-t.jpg,6159,0.5834236723398556
./fr_unknown/6196-t.jpg,6029,0.5794097260956359
./fr_unknown/6196-t.jpg,6197,0.5820955940911081
./fr_unknown/6196-t.jpg,6196,0.35520730205871043
./fr_unknown/5001-t.jpg,5001,0.36909155759496315
./fr_unknown/6033-t.jpg,13,0.5826680872107252
./fr_unknown/6033-t.jpg,23,0.5410396505390419
./fr_unknown/6033-t.jpg,6186,0.5649426009915706
./fr_unknown/6033-t.jpg,6033,0.1295185205330178
./fr_unknown/6083-t.jpg,6174,0.5965057670415465
./fr_unknown/6083-t.jpg,6093,0.5319347897111566
./fr_unknown/6083-t.jpg,6083,0.20113646911857122
./fr_unknown/6126-t.jpg,6201,0.5615165563420458
./fr_unknown/6126-t.jpg,6107,0.5765596466247005
./fr_unknown/6126-t.jpg,6126,0.16422058197310554
./fr_unknown/6126-t.jpg,6151,0.5930097038334681
./fr_unknown/6126-t.jpg,6152,0.5953903553942365
./fr_unknown/6126-t.jpg,6026,0.5899192792290637
./fr_unknown/6126-t.jpg,6147,0.5693051051729928
./fr_unknown/6126-t.jpg,6142,0.5564875477122144
./fr_unknown/6163-t.jpg,6011,0.570450084649821
./fr_unknown/6163-t.jpg,6173,0.4709494564418689
./fr_unknown/6163-t.jpg,6163,0.1903037981173504
./fr_unknown/6163-t.jpg,66,0.45144777869392955
./fr_unknown/6163-t.jpg,35,0.5658193745936065
./fr_unknown/6163-t.jpg,6126,0.5800956815741831
./fr_unknown/6163-t.jpg,36,0.5702571159557656
./fr_unknown/6163-t.jpg,6120,0.5460252339339359
./fr_unknown/6163-t.jpg,6040,0.49830557627458993
./fr_unknown/6163-t.jpg,18,0.5279657654387696
./fr_unknown/6163-t.jpg,19,0.5431942899258946
./fr_unknown/6163-t.jpg,6027,0.524983006980347
./fr_unknown/6163-t.jpg,40,0.48045322189578915
./fr_unknown/6163-t.jpg,6180,0.45929868674284635
./fr_unknown/6163-t.jpg,6156,0.5002666221129433
./fr_unknown/6163-t.jpg,6020,0.5975327886256782
./fr_unknown/54-t.jpg,67,0.5517414235675848
./fr_unknown/54-t.jpg,42,0.5726431649819491
./fr_unknown/54-t.jpg,54,0.3646276110583586
./fr_unknown/11-t.jpg,11,0.167146697659729
./fr_unknown/6043-t.jpg,6112,0.5909004968140578
./fr_unknown/6043-t.jpg,6061,0.593669457971887
./fr_unknown/6043-t.jpg,6109,0.5682812990478341
./fr_unknown/6043-t.jpg,9006,0.5943740425521786
./fr_unknown/6043-t.jpg,6043,0.1531888922644908
./fr_unknown/6006-t.jpg,6006,0.36775405864448907
./fr_unknown/6006-t.jpg,6096,0.5977139096855086
./fr_unknown/6006-t.jpg,6024,0.5832176435851717
./fr_unknown/7006-t.jpg,74,0.5933837531734978
./fr_unknown/7006-t.jpg,7006,0.3078733933730202
./fr_unknown/6122-t.jpg,6198,0.5868458313860345
./fr_unknown/6122-t.jpg,6201,0.5633995169644083
./fr_unknown/6122-t.jpg,6107,0.5596844770737177
./fr_unknown/6122-t.jpg,6098,0.5871496906733129
./fr_unknown/6122-t.jpg,6139,0.5973363177888066
./fr_unknown/6122-t.jpg,6129,0.5754978864155788
./fr_unknown/6122-t.jpg,6128,0.5944414917939296
./fr_unknown/6122-t.jpg,6103,0.5986872758643753
./fr_unknown/6122-t.jpg,6086,0.5924339630216552
./fr_unknown/6122-t.jpg,6080,0.553407246803496
./fr_unknown/6122-t.jpg,6122,0.23518363768352396
./fr_unknown/6167-t.jpg,6167,0.2852742078148169
./fr_unknown/6086-t.jpg,6198,0.5641770689663128
./fr_unknown/6086-t.jpg,6012,0.5848104600434034
./fr_unknown/6086-t.jpg,6162,0.5937087241119788
./fr_unknown/6086-t.jpg,6029,0.5797851999065039
./fr_unknown/6086-t.jpg,6107,0.5614401451925938
./fr_unknown/6086-t.jpg,6129,0.5767846137283662
./fr_unknown/6086-t.jpg,6086,0.17875674653649004
./fr_unknown/6086-t.jpg,6092,0.5582846951432625
./fr_unknown/6086-t.jpg,6118,0.5979691257260341
./fr_unknown/6086-t.jpg,6123,0.5676194020164184
./fr_unknown/6086-t.jpg,6122,0.5970143403314406
./fr_unknown/29-t.jpg,29,0.4393687761046882
./fr_unknown/6166-t.jpg,6166,0.21913435153327593
./fr_unknown/6166-t.jpg,65,0.4830654519392852
./fr_unknown/6166-t.jpg,34,0.5796550759362068
./fr_unknown/6166-t.jpg,7005,0.5972501060801222
./fr_unknown/6123-t.jpg,6161,0.589768894403541
./fr_unknown/6123-t.jpg,6107,0.5867915043350298
./fr_unknown/6123-t.jpg,6079,0.5527878825044596
./fr_unknown/6123-t.jpg,6086,0.5830998450368449
./fr_unknown/6123-t.jpg,6123,0.17055756152417692
./fr_unknown/6123-t.jpg,6151,0.5582989721363101
./fr_unknown/6123-t.jpg,6146,0.5982891081295085
./fr_unknown/6123-t.jpg,6027,0.592153405302845
./fr_unknown/6123-t.jpg,6143,0.596230800185952
./fr_unknown/48-t.jpg,60,0.5986234969295876
./fr_unknown/48-t.jpg,48,0.20095187737402298
./fr_unknown/48-t.jpg,21,0.5665700466900453
./fr_unknown/48-t.jpg,44,0.5732372015299807
./fr_unknown/48-t.jpg,53,0.5558330735054794
./fr_unknown/48-t.jpg,6034,0.5916025201326229
./fr_unknown/6206-t.jpg,6206,0.29836144500454376
./fr_unknown/6206-t.jpg,76,0.4855614641348053
./fr_unknown/6206-t.jpg,6211,0.5854766888076364
./fr_unknown/6206-t.jpg,6209,0.5335140569480343
./fr_unknown/6142-t.jpg,6126,0.5946817504560074
./fr_unknown/6142-t.jpg,6142,0.2901159008756765
./fr_unknown/6107-t.jpg,6198,0.5967860600960536
./fr_unknown/6107-t.jpg,6107,0.1883386340931332
./fr_unknown/6107-t.jpg,6070,0.5413369596008182
./fr_unknown/6107-t.jpg,6059,0.5711644889596853
./fr_unknown/6107-t.jpg,6129,0.5663940934373517
./fr_unknown/6107-t.jpg,6086,0.5677016140878347
./fr_unknown/6107-t.jpg,18,0.5943798146256696
./fr_unknown/6107-t.jpg,6080,0.578848226751073
./fr_unknown/6107-t.jpg,6122,0.5986096780326782
./fr_unknown/6107-t.jpg,6151,0.5685242999668421
./fr_unknown/6107-t.jpg,6027,0.5729182169487584
./fr_unknown/6107-t.jpg,6140,0.5582707939066291
./fr_unknown/6182-t.jpg,6152,0.5580384406380946
./fr_unknown/6182-t.jpg,6182,0.21318466038375136
./fr_unknown/6027-t.jpg,6173,0.5876555967933357
./fr_unknown/6027-t.jpg,49,0.47038248883553035
./fr_unknown/6027-t.jpg,6163,0.5850803008038609
./fr_unknown/6027-t.jpg,6107,0.5987824570510236
./fr_unknown/6027-t.jpg,6099,0.5404357364379927
./fr_unknown/6027-t.jpg,6120,0.5479459682803949
./fr_unknown/6027-t.jpg,6040,0.5238866860804864
./fr_unknown/6027-t.jpg,18,0.5195061984750149
./fr_unknown/6027-t.jpg,19,0.5843089905449887
./fr_unknown/6027-t.jpg,6179,0.5327139632024308
./fr_unknown/6027-t.jpg,6027,0.16216880099536685
./fr_unknown/6027-t.jpg,6180,0.4547598587983578
./fr_unknown/6027-t.jpg,6156,0.5679402478758336
./fr_unknown/6027-t.jpg,46,0.5953961936969798
./fr_unknown/6188-t.jpg,6188,0.18746399910321868
./fr_unknown/6188-t.jpg,6153,0.5660357069841891
./fr_unknown/6009-t.jpg,6154,0.5505886191110823
./fr_unknown/6009-t.jpg,6009,0.1937916368132839
./fr_unknown/8001-t.jpg,8001,0.3916356102683874
./fr_unknown/9001-t.jpg,6206,0.5829394668461308
./fr_unknown/9001-t.jpg,74,0.40950312225338814
./fr_unknown/9001-t.jpg,6205,0.5411170625614248
./fr_unknown/9001-t.jpg,6211,0.49783642693551505
./fr_unknown/9001-t.jpg,6210,0.5359379040686155
./fr_unknown/9001-t.jpg,8003,0.4518617205337787
./fr_unknown/9001-t.jpg,75,0.5435242436788789
./fr_unknown/9001-t.jpg,71,0.4983024402706519
./fr_unknown/9001-t.jpg,70,0.48110897382351114
./fr_unknown/9001-t.jpg,72,0.5108203800673524
./fr_unknown/9001-t.jpg,6203,0.45557797832209895
./fr_unknown/9001-t.jpg,5003,0.4993373109627941
./fr_unknown/9001-t.jpg,7007,0.5889602699553718
./fr_unknown/9001-t.jpg,7004,0.5837401140777881
./fr_unknown/9001-t.jpg,9001,0.21256548780446763
./fr_unknown/9001-t.jpg,9005,0.4498013890090654
./fr_unknown/9001-t.jpg,9004,0.5041671350343051
./fr_unknown/9001-t.jpg,9007,0.5460181204043971
./fr_unknown/9001-t.jpg,6209,0.45505069881688326
./fr_unknown/6114-t.jpg,6114,0.21916762245080412
./fr_unknown/6114-t.jpg,6062,0.5634619552432888
./fr_unknown/6151-t.jpg,6200,0.5991035824682178
./fr_unknown/6151-t.jpg,6107,0.5015313621588189
./fr_unknown/6151-t.jpg,6098,0.5549544898322399
./fr_unknown/6151-t.jpg,6059,0.5866512857797092
./fr_unknown/6151-t.jpg,6139,0.5501466783583366
./fr_unknown/6151-t.jpg,6129,0.5807607215211259
./fr_unknown/6151-t.jpg,6134,0.5405088576911685
./fr_unknown/6151-t.jpg,6135,0.5848730680603805
./fr_unknown/6151-t.jpg,6123,0.5596389567056022
./fr_unknown/6151-t.jpg,6151,0.21472108093894068
./fr_unknown/6151-t.jpg,6152,0.5464835882402185
./fr_unknown/6151-t.jpg,6146,0.5878063788266953
./fr_unknown/6151-t.jpg,6026,0.5189342188933527
./fr_unknown/6151-t.jpg,6140,0.5770034136795246
./fr_unknown/6129-t.jpg,6059,0.5904440297313214
./fr_unknown/6129-t.jpg,6129,0.20687559841365724
./fr_unknown/6129-t.jpg,6132,0.5203002258045225
./fr_unknown/6129-t.jpg,6085,0.5577699290830034
./fr_unknown/6129-t.jpg,6086,0.587201700142203
./fr_unknown/6129-t.jpg,6122,0.5665772732228949
./fr_unknown/6129-t.jpg,6151,0.569744904688564
./fr_unknown/6191-t.jpg,6191,0.2234106127891666
./fr_unknown/5006-t.jpg,5006,0.4334326275882329
./fr_unknown/66-t.jpg,63,0.5104257284543627
./fr_unknown/66-t.jpg,6011,0.4258186661474258
./fr_unknown/66-t.jpg,6173,0.5943559015315216
./fr_unknown/66-t.jpg,59,0.4374573693175653
./fr_unknown/66-t.jpg,6163,0.45535194765642834
./fr_unknown/66-t.jpg,58,0.44564551635437244
./fr_unknown/66-t.jpg,66,0.1812428285747428
./fr_unknown/66-t.jpg,35,0.5106997282970467
./fr_unknown/66-t.jpg,6091,0.5335435756271079
./fr_unknown/66-t.jpg,36,0.4713715104119782
./fr_unknown/66-t.jpg,37,0.582957646341911
./fr_unknown/66-t.jpg,6120,0.5266452878455815
./fr_unknown/66-t.jpg,18,0.5319041013619364
./fr_unknown/66-t.jpg,69,0.5792021727885885
./fr_unknown/66-t.jpg,6027,0.5939809330847656
./fr_unknown/66-t.jpg,40,0.5016047712735685
./fr_unknown/66-t.jpg,6180,0.5325802287088485
./fr_unknown/66-t.jpg,6020,0.4237836387983922
./fr_unknown/66-t.jpg,46,0.4639591115878056
./fr_unknown/6149-t.jpg,6166,0.5995433601593307
./fr_unknown/6149-t.jpg,6149,0.17492789272373074
./fr_unknown/6149-t.jpg,6110,0.5661683462362663
./fr_unknown/6149-t.jpg,6065,0.5998172498658759
./fr_unknown/6149-t.jpg,6062,0.5610039274848924
./fr_unknown/6149-t.jpg,6069,0.511864242246158
./fr_unknown/6149-t.jpg,6186,0.5833310071034251
./fr_unknown/6149-t.jpg,6192,0.5692100720867338
./fr_unknown/6149-t.jpg,6034,0.5762229200356125
./fr_unknown/5007-t.jpg,5007,0.4829033776760494
./fr_unknown/22-t.jpg,22,0.2798331676861662
./fr_unknown/67-t.jpg,67,0.39500287532892053
./fr_unknown/6035-t.jpg,6149,0.564323681436805
./fr_unknown/6035-t.jpg,6186,0.5771681967710907
./fr_unknown/6035-t.jpg,6035,0.19091854028886296
./fr_unknown/6070-t.jpg,6198,0.5984435680917103
./fr_unknown/6070-t.jpg,6200,0.5292458504555448
./fr_unknown/6070-t.jpg,6161,0.5863043288794022
./fr_unknown/6070-t.jpg,6107,0.5337730187204748
./fr_unknown/6070-t.jpg,6098,0.5886387484659932
./fr_unknown/6070-t.jpg,6070,0.2904243837524923
./fr_unknown/6070-t.jpg,6139,0.5481726085619123
./fr_unknown/6070-t.jpg,6079,0.5597767634772264
./fr_unknown/6070-t.jpg,6122,0.5610734944835019
./fr_unknown/6070-t.jpg,6151,0.5486516716625447
./fr_unknown/6070-t.jpg,6190,0.5915160785661258
./fr_unknown/6070-t.jpg,6157,0.557493550662074
./fr_unknown/6070-t.jpg,6140,0.5248260962118237
./fr_unknown/6128-t.jpg,6111,0.5864902905412929
./fr_unknown/6128-t.jpg,6129,0.5932670642874505
./fr_unknown/6128-t.jpg,6128,0.27663142080668585
./fr_unknown/6128-t.jpg,6083,0.5863258678674934
./fr_unknown/6128-t.jpg,6023,0.5981674285778847
./fr_unknown/6190-t.jpg,6079,0.55810272031482
./fr_unknown/6190-t.jpg,6190,0.2898293269061147
./fr_unknown/1-t.jpg,1,0.4560933633868006
./fr_unknown/6150-t.jpg,6107,0.5849713403999857
./fr_unknown/6150-t.jpg,6106,0.5801485693549322
./fr_unknown/6150-t.jpg,6127,0.575344001044924
./fr_unknown/6150-t.jpg,6086,0.5453746021549394
./fr_unknown/6150-t.jpg,6150,0.31087573870110297
./fr_unknown/6150-t.jpg,6183,0.5847506713059732
./fr_unknown/6150-t.jpg,6141,0.5706348697136102
./fr_unknown/6087-t.jpg,6170,0.5624274334408107
./fr_unknown/6087-t.jpg,6087,0.25028792833909896
./fr_unknown/28-t.jpg,28,0.3529954432595358
./fr_unknown/28-t.jpg,44,0.5975367858848829
./fr_unknown/50-t.jpg,48,0.598772496032572
./fr_unknown/50-t.jpg,50,0.14051065592857745
./fr_unknown/15-t.jpg,15,0.2801410008651059
./fr_unknown/15-t.jpg,6150,0.59303337082695
./fr_unknown/6047-t.jpg,6065,0.5879635022656482
./fr_unknown/6047-t.jpg,6047,0.20381594925918892
./fr_unknown/6002-t.jpg,6007,0.5941601062864157
./fr_unknown/6002-t.jpg,6204,0.5676924066756438
./fr_unknown/6002-t.jpg,6002,0.15507931210906575
./fr_unknown/6002-t.jpg,6068,0.5370051543466342
./fr_unknown/6002-t.jpg,6096,0.5239759042169395
./fr_unknown/7002-t.jpg,71,0.5576484018721154
./fr_unknown/7002-t.jpg,72,0.5958095724794761
./fr_unknown/7002-t.jpg,7003,0.46660522610317584
./fr_unknown/7002-t.jpg,7002,0.2559703850029281
./fr_unknown/6063-t.jpg,49,0.596572575531606
./fr_unknown/6063-t.jpg,6063,0.16998307168619925
./fr_unknown/6063-t.jpg,6027,0.5867576907110921
./fr_unknown/6026-t.jpg,6059,0.5829195866579356
./fr_unknown/6026-t.jpg,6125,0.589547149251517
./fr_unknown/6026-t.jpg,6151,0.5882240627062534
./fr_unknown/6026-t.jpg,6026,0.20447887472144888
./fr_unknown/74-t.jpg,74,0.30484727666749734
./fr_unknown/74-t.jpg,6205,0.5930002365545886
./fr_unknown/74-t.jpg,6210,0.5503256878179432
./fr_unknown/74-t.jpg,8003,0.47355825930919865
./fr_unknown/74-t.jpg,75,0.5356005783421577
./fr_unknown/74-t.jpg,70,0.5021105257651693
./fr_unknown/74-t.jpg,72,0.5130977093657089
./fr_unknown/74-t.jpg,6203,0.5652804877373295
./fr_unknown/74-t.jpg,5003,0.5323958854723887
./fr_unknown/74-t.jpg,7007,0.5457438811131997
./fr_unknown/74-t.jpg,5001,0.5773267097657093
./fr_unknown/74-t.jpg,9001,0.42096641553350617
./fr_unknown/74-t.jpg,9004,0.5012698396428056
./fr_unknown/74-t.jpg,9007,0.5496378321831183
./fr_unknown/74-t.jpg,6209,0.5230685113128931
./fr_unknown/6140-t.jpg,6012,0.5848353358979486
./fr_unknown/6140-t.jpg,6200,0.5666930738235428
./fr_unknown/6140-t.jpg,6161,0.5944524401613772
./fr_unknown/6140-t.jpg,6107,0.5766152929540839
./fr_unknown/6140-t.jpg,6070,0.5963045605744948
./fr_unknown/6140-t.jpg,6151,0.5373111805108678
./fr_unknown/6140-t.jpg,6140,0.191686068989737
./fr_unknown/6105-t.jpg,6105,0.28435265519311453
./fr_unknown/6105-t.jpg,6196,0.5594771043176434
./fr_unknown/6204-t.jpg,6005,0.5490119200551177
./fr_unknown/6204-t.jpg,6204,0.2579405132986324
./fr_unknown/6204-t.jpg,6002,0.5281786215594422
./fr_unknown/6204-t.jpg,6119,0.591823567835275
./fr_unknown/6204-t.jpg,5005,0.567282513362618
./fr_unknown/6204-t.jpg,6192,0.5744777460949847
./fr_unknown/6079-t.jpg,6177,0.5971589213038462
./fr_unknown/6079-t.jpg,6161,0.5935471571147574
./fr_unknown/6079-t.jpg,6139,0.5797286895923638
./fr_unknown/6079-t.jpg,6061,0.5654158055360584
./fr_unknown/6079-t.jpg,6102,0.5861152951291605
./fr_unknown/6079-t.jpg,6079,0.18619661693120884
./fr_unknown/6079-t.jpg,6123,0.5614060427155984
./fr_unknown/6084-t.jpg,8002,0.598349630864983
./fr_unknown/6084-t.jpg,6017,0.5214247978422729
./fr_unknown/6084-t.jpg,6060,0.5672927203810455
./fr_unknown/6084-t.jpg,6062,0.5943889392704544
./fr_unknown/6084-t.jpg,6089,0.5917275542484542
./fr_unknown/6084-t.jpg,6084,0.19777819700980082
./fr_unknown/6084-t.jpg,6056,0.5570480363088508
./fr_unknown/6084-t.jpg,6155,0.5725299009491606
./fr_unknown/6199-t.jpg,6199,0.2907100568734508
./fr_unknown/6199-t.jpg,6016,0.55690902147243
./fr_unknown/6199-t.jpg,6102,0.598402752171313
./fr_unknown/6199-t.jpg,6147,0.5833602528125352
./fr_unknown/6164-t.jpg,6164,0.31644289982203966
./fr_unknown/6164-t.jpg,6112,0.59514001726224
./fr_unknown/6164-t.jpg,6102,0.5963076366528951
./fr_unknown/6164-t.jpg,6092,0.5879059750583198
./fr_unknown/6164-t.jpg,6123,0.5947769441420027
./fr_unknown/6121-t.jpg,6060,0.5968941706039985
./fr_unknown/6121-t.jpg,6121,0.3195586607508856
./fr_unknown/6121-t.jpg,6020,0.5691122838006867
./fr_unknown/6159-t.jpg,6159,0.19118747601153271
./fr_unknown/6159-t.jpg,6161,0.5830763572204678
./fr_unknown/8-t.jpg,8,0.3245352999223145
./fr_unknown/8-t.jpg,4,0.5541840773769864
./fr_unknown/6116-t.jpg,6116,0.19095555872586753
./fr_unknown/6116-t.jpg,6183,0.5887280600682693
./fr_unknown/6116-t.jpg,52,0.5989632315683335
./fr_unknown/6153-t.jpg,6188,0.5743789379104607
./fr_unknown/6153-t.jpg,6153,0.12557502282477837
./fr_unknown/8003-t.jpg,6206,0.5219355758224229
./fr_unknown/8003-t.jpg,76,0.5188238167137927
./fr_unknown/8003-t.jpg,74,0.43116476316840585
./fr_unknown/8003-t.jpg,6205,0.5645024335229025
./fr_unknown/8003-t.jpg,6211,0.4633952727447001
./fr_unknown/8003-t.jpg,6210,0.5290877902868554
./fr_unknown/8003-t.jpg,8003,0.3405297792107979
./fr_unknown/8003-t.jpg,75,0.511273306064919
./fr_unknown/8003-t.jpg,71,0.5179178037320157
./fr_unknown/8003-t.jpg,70,0.5229902698926916
./fr_unknown/8003-t.jpg,72,0.49501425929402965
./fr_unknown/8003-t.jpg,6203,0.5341862596649324
./fr_unknown/8003-t.jpg,6202,0.5705487381939752
./fr_unknown/8003-t.jpg,73,0.576689645526524
./fr_unknown/8003-t.jpg,7008,0.5300179757345409
./fr_unknown/8003-t.jpg,5003,0.5623064808215597
./fr_unknown/8003-t.jpg,7004,0.540904721121026
./fr_unknown/8003-t.jpg,9001,0.4462264089930057
./fr_unknown/8003-t.jpg,9005,0.5803755259284415
./fr_unknown/8003-t.jpg,9004,0.4943751862675763
./fr_unknown/8003-t.jpg,7003,0.5375731252406566
./fr_unknown/8003-t.jpg,9007,0.5523599938647158
./fr_unknown/8003-t.jpg,6209,0.5438782341910383
./fr_unknown/9003-t.jpg,9003,0.26880505470809646
./fr_unknown/2-t.jpg,5007,0.5741526674033983
./fr_unknown/2-t.jpg,2,0.15206067253842248
./fr_unknown/38-t.jpg,38,0.4374049729356835
./fr_unknown/6097-t.jpg,6016,0.5692158771609819
./fr_unknown/6097-t.jpg,6174,0.5773228888393507
./fr_unknown/6097-t.jpg,6138,0.5971235364405666
./fr_unknown/6097-t.jpg,6100,0.5789408558116423
./fr_unknown/6097-t.jpg,6097,0.21884745184846827
./fr_unknown/6097-t.jpg,6080,0.5898301595227119
./fr_unknown/6132-t.jpg,6129,0.5892526168057114
./fr_unknown/6132-t.jpg,6132,0.33633724714420826
./fr_unknown/6132-t.jpg,6078,0.580953429238517
./fr_unknown/6177-t.jpg,6177,0.24923332193847464
./fr_unknown/6177-t.jpg,6139,0.5886822531913231
./fr_unknown/6177-t.jpg,6079,0.5870927841332007
./fr_unknown/6177-t.jpg,6097,0.5896809699867639
./fr_unknown/40-t.jpg,63,0.4820366796035025
./fr_unknown/40-t.jpg,6011,0.5573478508197421
./fr_unknown/40-t.jpg,6173,0.5661756866007133
./fr_unknown/40-t.jpg,49,0.5478855868429228
./fr_unknown/40-t.jpg,59,0.4908848020143166
./fr_unknown/40-t.jpg,6163,0.4832811633923707
./fr_unknown/40-t.jpg,58,0.5268454442934918
./fr_unknown/40-t.jpg,66,0.48351476122923087
./fr_unknown/40-t.jpg,35,0.5748983728521996
./fr_unknown/40-t.jpg,6091,0.5595131168614763
./fr_unknown/40-t.jpg,36,0.4751631162042471
./fr_unknown/40-t.jpg,6120,0.5247118186672669
./fr_unknown/40-t.jpg,19,0.572242143900893
./fr_unknown/40-t.jpg,69,0.5959680438521565
./fr_unknown/40-t.jpg,40,0.14026176965378695
./fr_unknown/40-t.jpg,6156,0.5770625321558192
./fr_unknown/40-t.jpg,46,0.5768188773397701
./fr_unknown/39-t.jpg,39,0.303616327304821
./fr_unknown/6096-t.jpg,6096,0.2626415268274382
./fr_unknown/6174-t.jpg,6174,0.25702850470724514
./fr_unknown/6131-t.jpg,6200,0.5602937116525222
./fr_unknown/6131-t.jpg,6131,0.2074620022598529
./fr_unknown/6131-t.jpg,6135,0.5946020016215842
./fr_unknown/6189-t.jpg,6189,0.23409905056445565
./fr_unknown/6189-t.jpg,6049,0.5981144935303954
./fr_unknown/6189-t.jpg,23,0.5060196630403531
./fr_unknown/6189-t.jpg,69,0.5465912678499019
./fr_unknown/6189-t.jpg,6034,0.5775134370966947
./fr_unknown/6094-t.jpg,6083,0.5840652101602998
./fr_unknown/6094-t.jpg,6109,0.5698524259985545
./fr_unknown/6094-t.jpg,6094,0.15866715569176945
./fr_unknown/6069-t.jpg,6149,0.49894343657796547
./fr_unknown/6069-t.jpg,6069,0.16869212720999016
./fr_unknown/6069-t.jpg,6186,0.5593797544366375
./fr_unknown/6011-t.jpg,63,0.5698326585062153
./fr_unknown/6011-t.jpg,6011,0.10297731621201336
./fr_unknown/6011-t.jpg,59,0.5253348918704327
./fr_unknown/6011-t.jpg,6163,0.5718045214972256
./fr_unknown/6011-t.jpg,58,0.5429245195842607
./fr_unknown/6011-t.jpg,66,0.43276150345200387
./fr_unknown/6011-t.jpg,35,0.5917866489714474
./fr_unknown/6011-t.jpg,6091,0.5068162070532138
./fr_unknown/6011-t.jpg,36,0.5557049018202138
./fr_unknown/6011-t.jpg,6120,0.595005716343552
./fr_unknown/6011-t.jpg,69,0.5715720826086269
./fr_unknown/6011-t.jpg,6027,0.5988360452803215
./fr_unknown/6011-t.jpg,40,0.5686432775272002
./fr_unknown/6011-t.jpg,6180,0.562130680640695
./fr_unknown/6011-t.jpg,6020,0.5516337134798223
./fr_unknown/6011-t.jpg,46,0.5513565705419032
./fr_unknown/6054-t.jpg,33,0.5893429758800353
./fr_unknown/6054-t.jpg,6054,0.17638111925134958
./fr_unknown/6054-t.jpg,6036,0.5766678119688491
./fr_unknown/43-t.jpg,43,0.40230333288744624
